EUNIS_2022_Code,Abrasion/disturbance of the substrate on the surface of the seabed,Barrier to species movement,Changes in suspended solids (water clarity),"Collision BELOW water with static or moving objects not naturally found in the marine environment (e.g., boats, machinery, and structures)",Deoxygenation,Electromagnetic changes,"Emergence regime changes, including tidal level change considerations",Genetic modification & translocation of indigenous species,Global warming (Extreme),Global warming (High),Global warming (Middle),Habitat structure changes - removal of substratum (extraction),Hydrocarbon & PAH contamination.  Includes those priority substances listed in Annex II of Directive 2008/105/EC.,Introduction of light,Introduction of microbial pathogens,"Introduction of other substances (solid, liquid or gas)",Introduction or spread of invasive non-indigenous species (INIS),Litter,Marine heatwaves (High),Marine heatwaves (Middle),Nutrient enrichment,Ocean Acidification (High),Ocean Acidification (Middle),Organic enrichment,"Penetration and/or disturbance of the substrate below the surface of the seabed, including abrasion",Physical change (to another seabed type),Physical change (to another sediment type),Physical loss (to land or freshwater habitat),Radionuclide contamination,Removal of non-target species,Removal of target species,Salinity decrease,Salinity increase,Sea level rise (Extreme),Sea level rise (High),Sea level rise (Middle),Smothering and siltation rate changes (Heavy),Smothering and siltation rate changes (Light),"Synthetic compound contamination (incl. pesticides, antifoulants, pharmaceuticals).  Includes those priority substances listed in Annex II of Directive 2008/105/EC.",Temperature decrease,Temperature increase,Transition elements & organo-metal (e.g. TBT) contamination.  Includes those priority substances listed in Annex II of Directive 2008/105/EC.,Underwater noise changes,Visual disturbance,"Water flow (tidal current) changes, including sediment transport considerations",Wave exposure changes
MA1,2,0,2,0,0,0,2,0,0,0,0,0,0,0,0,0,0,0,0,0,0,0,0,2,0,3,0,3,0,2,2,0,2,0,0,0,2,2,0,0,2,0,0,0,2,0
MA12,2,0,2,0,0,0,2,0,0,0,0,0,0,0,0,0,0,0,0,0,0,0,0,2,0,3,0,3,0,2,2,0,2,0,0,0,2,2,0,0,2,0,0,0,2,0
MA121,3,0,2,0,0,0,2,0,0,0,0,2,0,3,0,0,0,0,0,0,0,0,0,0,1,3,0,3,0,0,0,2,0,0,0,0,0,0,0,0,1,0,0,0,0,0
MA1211,3,0,0,0,0,0,2,0,0,0,0,0,0,3,0,0,0,0,0,0,0,0,0,0,0,3,0,3,0,0,0,0,0,0,0,0,0,0,0,0,0,0,0,0,0,0
MA1212,1,0,0,0,0,0,1,0,0,0,0,0,0,0,0,0,0,0,0,0,0,0,0,0,0,3,0,3,0,0,0,0,0,0,0,0,0,0,0,0,1,0,0,0,0,0
MA1213,2,0,2,0,0,0,2,0,0,0,0,0,0,0,0,0,0,0,0,0,0,0,0,0,0,3,0,3,0,0,0,2,0,0,0,0,0,0,0,0,0,0,0,0,0,0
MA12131,2,0,2,0,0,0,2,0,0,0,0,0,0,0,0,0,0,0,0,0,0,0,0,0,0,3,0,3,0,0,0,2,0,0,0,0,0,0,0,0,0,0,0,0,0,0
MA12132,2,0,2,0,0,0,2,0,0,0,0,0,0,0,0,0,0,0,0,0,0,0,0,0,0,3,0,3,0,0,0,2,0,0,0,0,0,0,0,0,0,0,0,0,0,0
MA1214,1,0,0,0,0,0,1,0,0,0,0,2,0,1,0,0,0,0,0,0,0,0,0,0,1,3,0,3,0,0,0,0,0,0,0,0,0,0,0,0,0,0,0,0,0,0
MA1215,1,0,0,0,0,0,1,0,0,0,0,2,0,1,0,0,0,0,0,0,0,0,0,0,1,3,0,3,0,0,0,0,0,0,0,0,0,0,0,0,0,0,0,0,0,0
MA122,3,0,1,0,0,0,3,0,0,0,0,0,0,0,1,0,3,0,0,0,0,0,0,0,0,3,0,3,0,3,3,1,2,0,0,0,2,2,0,0,0,0,0,0,0,0
MA1221,2,0,0,0,0,0,2,0,0,0,0,0,0,0,1,0,3,0,0,0,0,0,0,0,0,3,0,3,0,2,2,0,2,0,0,0,2,1,0,0,0,0,0,0,0,0
MA1222,3,0,0,0,0,0,3,0,0,0,0,0,0,0,1,0,3,0,0,0,0,0,0,0,0,3,0,3,0,3,3,1,0,0,0,0,2,2,0,0,0,0,0,0,0,0
MA12221,2,0,0,0,0,0,2,0,0,0,0,0,0,0,1,0,3,0,0,0,0,0,0,0,0,3,0,3,0,2,3,1,0,0,0,0,2,2,0,0,0,0,0,0,0,0
MA12222,3,0,0,0,0,0,3,0,0,0,0,0,0,0,1,0,3,0,0,0,0,0,0,0,0,3,0,3,0,3,3,1,0,0,0,0,2,2,0,0,0,0,0,0,0,0
MA1223,2,0,1,0,0,0,2,0,0,0,0,0,0,0,1,0,3,0,0,0,0,0,0,0,0,3,0,3,0,2,3,0,0,0,0,0,2,2,0,0,0,0,0,0,0,0
MA12231,2,0,1,0,0,0,2,0,0,0,0,0,0,0,1,0,3,0,0,0,0,0,0,0,0,3,0,3,0,2,3,0,0,0,0,0,2,2,0,0,0,0,0,0,0,0
MA12232,2,0,1,0,0,0,2,0,0,0,0,0,0,0,1,0,3,0,0,0,0,0,0,0,0,3,0,3,0,2,0,0,0,0,0,0,2,2,0,0,0,0,0,0,0,0
MA12233,1,0,1,0,0,0,2,0,0,0,0,0,0,0,1,0,3,0,0,0,0,0,0,0,0,3,0,3,0,2,1,0,0,0,0,0,2,2,0,0,0,0,0,0,0,0
MA123,3,0,2,0,0,0,3,0,0,0,0,3,2,1,0,0,3,0,0,0,0,0,0,2,3,3,3,3,0,3,3,3,3,0,0,0,3,2,0,0,2,0,0,0,1,2
MA1231,2,0,0,0,0,0,2,0,0,0,0,0,0,0,0,0,2,0,0,0,0,0,0,1,0,3,0,3,0,2,2,1,2,0,0,0,1,0,0,0,2,0,0,0,0,0
MA1232,1,0,0,0,0,0,1,0,0,0,0,0,2,0,0,0,0,0,0,0,0,0,0,0,0,3,0,3,0,2,2,2,2,0,0,0,1,0,0,0,0,0,0,0,0,0
MA12321,1,0,0,0,0,0,1,0,0,0,0,0,2,0,0,0,0,0,0,0,0,0,0,0,0,3,0,3,0,2,2,2,2,0,0,0,1,0,0,0,0,0,0,0,0,0
MA12322,1,0,0,0,0,0,1,0,0,0,0,0,2,0,0,0,0,0,0,0,0,0,0,0,0,3,0,3,0,2,2,2,2,0,0,0,1,0,0,0,0,0,0,0,0,0
MA1233,1,0,0,0,0,0,2,0,0,0,0,0,0,0,0,0,3,0,0,0,0,0,0,0,0,3,0,3,0,2,1,2,2,0,0,0,2,0,0,0,0,0,0,0,0,0
MA1234,1,0,1,0,0,0,2,0,0,0,0,0,0,0,0,0,3,0,0,0,0,0,0,0,0,3,0,3,0,2,1,2,2,0,0,0,1,1,0,0,2,0,0,0,0,0
MA1235,1,0,0,0,0,0,2,0,0,0,0,0,0,0,0,0,3,0,0,0,0,0,0,0,0,3,0,3,0,2,1,0,0,0,0,0,1,1,0,0,0,0,0,0,0,0
MA1236,1,0,0,0,0,0,3,0,0,0,0,0,0,0,0,0,3,0,0,0,0,0,0,0,0,3,0,3,0,3,1,3,3,0,0,0,1,1,0,0,0,0,0,0,0,0
MA1237,2,0,0,0,0,0,2,0,0,0,0,3,0,0,0,0,0,0,0,0,0,0,0,0,3,3,3,3,0,1,3,0,0,0,0,0,2,2,0,0,0,0,0,0,0,0
MA1238,3,0,0,0,0,0,3,0,0,0,0,0,0,0,0,0,0,0,0,0,0,0,0,2,0,3,0,3,0,3,2,0,0,0,0,0,3,2,0,0,0,0,0,0,0,2
MA1239,2,0,1,0,0,0,2,0,0,0,0,0,0,1,0,0,2,0,0,0,0,0,0,1,0,3,0,3,0,0,2,0,1,0,0,0,2,0,0,0,0,0,0,0,0,1
MA123A,2,0,1,0,0,0,2,0,0,0,0,3,0,1,0,0,2,0,0,0,0,0,0,1,2,3,3,3,0,0,2,0,1,0,0,0,2,0,0,0,0,0,0,0,0,1
MA123B,2,0,0,0,0,0,2,0,0,0,0,0,0,0,0,0,0,0,0,0,0,0,0,2,0,3,0,3,0,2,2,0,2,0,0,0,2,2,0,0,2,0,0,0,0,0
MA123C,2,0,0,0,0,0,2,0,0,0,0,0,0,0,0,0,0,0,0,0,0,0,0,2,0,3,0,3,0,2,2,0,2,0,0,0,2,1,0,0,0,0,0,0,0,0
MA123C1,2,0,0,0,0,0,2,0,0,0,0,0,0,0,0,0,0,0,0,0,0,0,0,2,0,3,0,3,0,2,2,0,2,0,0,0,2,1,0,0,0,0,0,0,0,0
MA123C2,2,0,0,0,0,0,2,0,0,0,0,0,0,0,0,0,0,0,0,0,0,0,0,2,0,3,0,3,0,0,2,0,2,0,0,0,2,1,0,0,0,0,0,0,0,0
MA123D,2,0,2,0,0,0,2,0,0,0,0,0,0,0,0,0,2,0,0,0,0,0,0,2,0,3,0,3,0,2,2,0,2,0,0,0,2,2,0,0,0,0,0,0,0,2
MA123D1,2,0,2,0,0,0,2,0,0,0,0,0,0,0,0,0,2,0,0,0,0,0,0,2,0,3,0,3,0,2,2,0,2,0,0,0,2,2,0,0,0,0,0,0,0,2
MA123D2,2,0,2,0,0,0,2,0,0,0,0,3,0,0,0,0,2,0,0,0,0,0,0,2,2,3,3,3,0,2,2,0,2,0,0,0,2,2,0,0,0,0,0,0,0,2
MA123E,3,0,0,0,0,0,3,0,0,0,0,0,0,0,0,0,2,0,0,0,0,0,0,2,0,3,0,3,0,3,2,0,0,0,0,0,3,2,0,0,0,0,0,0,0,2
MA123E1,3,0,0,0,0,0,3,0,0,0,0,0,0,0,0,0,2,0,0,0,0,0,0,2,0,3,0,3,0,3,2,0,0,0,0,0,3,2,0,0,0,0,0,0,0,2
MA123E2,3,0,0,0,0,0,3,0,0,0,0,3,0,0,0,0,2,0,0,0,0,0,0,2,3,3,3,3,0,3,2,0,0,0,0,0,3,2,0,0,0,0,0,0,0,2
MA123F,2,0,1,0,0,0,1,0,0,0,0,0,0,1,0,0,2,0,0,0,0,0,0,1,0,3,0,3,0,0,2,0,0,0,0,0,3,1,0,0,0,0,0,0,0,0
MA123F1,2,0,1,0,0,0,1,0,0,0,0,0,0,1,0,0,2,0,0,0,0,0,0,1,0,3,0,3,0,0,2,0,0,0,0,0,3,1,0,0,0,0,0,0,0,0
MA123F2,2,0,1,0,0,0,1,0,0,0,0,3,0,1,0,0,2,0,0,0,0,0,0,1,3,3,3,3,0,0,2,0,0,0,0,0,3,1,0,0,0,0,0,0,0,0
MA123G,1,0,0,0,0,0,1,0,0,0,0,0,0,0,0,0,0,0,0,0,0,0,0,0,0,3,0,3,0,1,1,0,0,0,0,0,1,1,0,0,0,0,0,0,1,0
MA123H,1,0,0,0,0,0,1,0,0,0,0,0,0,0,0,0,0,0,0,0,0,0,0,0,0,3,0,3,0,1,1,0,0,0,0,0,1,1,0,0,0,0,0,0,1,0
MA124,2,0,2,0,0,0,2,0,0,0,0,0,0,0,0,0,0,0,0,0,0,0,0,2,0,3,0,3,0,2,2,0,2,0,0,0,2,2,0,0,2,0,0,0,2,0
MA1241,2,0,0,0,0,0,2,0,2,0,0,0,0,0,0,0,0,0,3,2,0,2,0,2,0,3,0,3,0,2,0,2,2,3,2,2,2,2,0,0,2,0,0,0,0,0
MA1242,2,0,2,0,0,0,2,0,0,0,0,0,0,0,0,0,0,0,0,0,0,0,0,2,0,3,0,3,0,2,2,0,2,0,0,0,2,1,0,0,0,0,0,0,0,0
MA1243,2,0,2,0,0,0,2,0,0,0,0,0,0,0,0,0,0,0,0,0,0,0,0,2,0,3,0,3,0,2,2,0,2,0,0,0,2,2,0,0,2,0,0,0,2,0
MA1244,2,0,1,0,0,0,1,0,0,0,0,0,0,1,0,0,2,0,0,0,0,0,0,1,0,3,0,3,0,0,2,0,0,0,0,0,3,1,0,0,0,0,0,0,0,0
MA12441,2,0,1,0,0,0,1,0,0,0,0,0,0,1,0,0,2,0,0,0,0,0,0,1,0,3,0,3,0,0,2,0,0,0,0,0,3,1,0,0,0,0,0,0,0,0
MA12442,2,0,1,0,0,0,2,0,0,0,0,2,0,1,0,0,3,0,0,0,0,0,0,0,2,3,3,3,0,2,1,0,2,0,0,0,2,1,0,0,0,0,0,0,0,0
MA12443,2,0,1,0,0,0,2,0,0,0,0,3,0,1,0,0,0,0,0,0,0,0,0,0,3,3,0,3,0,2,2,2,2,0,0,0,2,2,0,0,0,0,0,0,0,0
MA1245,1,0,0,0,0,0,2,0,0,0,0,0,0,0,0,0,0,0,0,0,0,0,0,0,2,3,0,3,0,2,0,2,0,0,0,0,1,0,0,0,0,0,0,0,0,0
MA1246,2,0,0,0,0,0,1,0,0,0,0,0,0,0,2,0,3,0,0,0,0,0,0,0,0,3,0,3,0,2,2,0,2,0,0,0,2,2,0,0,0,0,0,0,2,0
MA1247,2,0,1,0,0,0,1,0,0,0,0,0,0,1,2,0,3,0,0,0,0,0,0,0,0,3,0,3,0,2,2,0,2,0,0,0,2,2,0,0,0,0,0,0,2,0
MA1248,2,0,0,0,0,0,2,0,2,0,0,3,0,0,2,0,3,0,3,2,0,0,0,0,3,3,3,3,0,2,2,0,0,3,3,3,2,2,0,0,0,0,0,0,0,0
MA125,3,0,2,0,1,0,3,0,0,0,0,3,0,3,2,0,3,0,0,0,0,0,0,2,3,3,3,3,0,3,3,2,2,0,0,0,3,3,0,2,2,0,0,0,3,2
MA1251,2,0,0,0,0,0,2,0,0,0,0,0,0,0,0,0,0,0,0,0,0,0,0,2,0,3,0,3,0,2,0,2,0,0,0,0,2,2,0,0,2,0,0,0,0,0
MA1252,2,0,2,0,0,0,2,0,0,0,0,0,0,0,0,0,0,0,0,0,0,0,0,0,0,3,0,3,0,2,2,0,2,0,0,0,2,2,0,0,0,0,0,0,0,0
MA1253,2,0,2,0,0,0,3,0,0,0,0,3,0,0,0,0,2,0,0,0,0,0,0,2,2,3,3,3,0,2,2,2,2,0,0,0,2,2,0,0,0,0,0,0,0,0
MA1254,3,0,0,0,0,0,3,0,0,0,0,0,0,0,0,0,0,0,0,0,0,0,0,2,0,3,0,3,0,3,2,0,0,0,0,0,3,2,0,0,0,0,0,0,0,2
MA1255,3,0,0,0,1,0,2,0,0,0,0,3,0,3,0,0,0,0,0,0,0,0,0,2,3,0,0,3,0,3,3,0,0,0,0,0,3,3,0,2,2,0,0,0,3,0
MA1256,2,0,0,0,0,0,1,0,0,0,0,0,0,1,2,0,3,0,0,0,0,0,0,0,0,3,0,3,0,2,2,1,1,0,0,0,2,2,0,0,0,0,0,0,0,0
MA1257,2,0,0,0,0,0,2,0,0,0,0,0,0,0,0,0,0,0,0,0,0,0,0,2,2,3,0,3,0,2,0,2,2,0,0,0,2,2,0,0,0,0,0,0,0,0
MA126,2,0,2,0,2,0,2,0,0,0,0,2,2,2,1,0,3,0,0,0,0,0,0,2,1,3,3,3,0,2,2,2,2,0,0,0,2,2,0,0,2,0,0,0,1,0
MA1261,1,0,0,0,0,0,1,0,0,0,0,0,0,0,0,0,0,0,0,0,0,0,0,0,0,3,0,3,0,1,1,0,0,0,0,0,1,1,0,0,0,0,0,0,1,0
MA1262,1,0,0,0,0,0,1,0,0,0,0,0,2,0,0,0,3,0,0,0,0,0,0,0,0,3,0,3,0,2,2,2,2,0,0,0,2,2,0,0,0,0,0,0,0,0
MA12621,1,0,0,0,0,0,1,0,0,0,0,0,2,0,0,0,3,0,0,0,0,0,0,0,0,3,0,3,0,2,2,2,2,0,0,0,2,2,0,0,0,0,0,0,0,0
MA12622,1,0,0,0,0,0,1,0,0,0,0,0,0,0,2,0,3,0,1,1,0,3,2,0,0,3,0,3,0,2,2,2,2,3,2,2,2,2,0,2,0,0,0,0,0,0
MA12623,1,0,2,0,0,0,1,0,0,0,0,0,0,0,0,0,3,0,0,0,0,0,0,0,0,3,0,3,0,2,1,2,2,0,0,0,2,2,0,1,0,0,0,0,0,0
MA12624,1,0,2,0,0,0,1,0,0,0,0,0,0,0,0,0,3,0,0,0,0,0,0,0,0,3,0,3,0,2,1,2,2,0,0,0,2,2,0,1,0,0,0,0,0,0
MA1263,2,0,2,0,0,0,2,0,0,0,0,0,0,2,1,0,3,0,0,0,0,0,0,2,0,3,0,3,0,2,2,2,2,0,0,0,2,2,0,0,2,0,0,0,0,0
MA12631,1,0,0,0,0,0,1,0,0,0,0,0,0,0,0,0,3,0,0,0,0,0,0,0,0,3,0,3,0,1,1,2,2,0,0,0,1,2,0,0,0,0,0,0,0,0
MA1264,1,0,1,0,2,0,2,0,0,0,0,0,0,0,0,0,2,0,0,0,0,0,0,0,1,3,3,3,0,2,2,2,2,0,0,0,0,1,0,0,0,0,0,0,0,0
MA1265,1,0,0,0,0,0,1,0,0,0,0,2,0,0,0,0,3,0,0,0,0,0,0,0,1,3,0,3,0,1,1,0,0,0,0,0,1,1,0,0,1,0,0,0,0,0
MA127,2,0,1,0,0,0,2,0,0,0,0,2,0,1,1,0,3,0,0,0,0,0,0,0,1,3,0,3,0,1,1,2,1,0,0,0,2,1,0,1,1,0,0,0,0,0
MA1271,1,0,0,0,0,0,1,0,0,0,0,2,0,1,0,0,0,0,0,0,0,0,0,0,1,3,0,3,0,0,0,0,0,0,0,0,0,0,0,0,1,0,0,0,0,0
MA1272,1,0,0,0,0,0,1,0,0,0,0,2,0,1,0,0,0,0,0,0,0,0,0,0,1,3,0,3,0,0,0,0,0,0,0,0,0,0,0,0,0,0,0,0,0,0
MA1273,1,0,0,0,0,0,1,0,0,0,0,2,0,1,0,0,0,0,0,0,0,0,0,0,1,3,0,3,0,0,0,0,0,0,0,0,1,1,0,0,0,0,0,0,0,0
MA1274,1,0,0,0,0,0,1,0,0,0,0,2,0,1,0,0,0,0,0,0,0,0,0,0,1,3,0,3,0,0,0,0,0,0,0,0,1,1,0,0,0,0,0,0,0,0
MA1275,2,0,0,0,0,0,2,0,0,0,0,0,0,0,0,0,0,0,0,0,0,0,0,0,0,3,0,3,0,0,0,2,0,0,0,0,2,0,0,0,0,0,0,0,0,0
MA1276,1,0,1,0,0,0,1,0,0,0,0,0,0,1,1,0,3,0,0,0,0,0,0,0,0,3,0,3,0,1,1,1,1,0,0,0,1,1,0,1,1,0,0,0,0,0
MA12761,1,0,1,0,0,0,1,0,0,0,0,0,0,1,1,0,3,0,0,0,0,0,0,0,0,3,0,3,0,1,0,1,0,0,0,0,1,1,0,1,1,0,0,0,0,0
MA1277,1,0,1,0,0,0,1,0,0,0,0,0,0,1,0,0,3,0,0,0,0,0,0,0,0,3,0,3,0,1,1,1,1,0,0,0,1,1,0,1,1,0,0,0,0,0
MA1278,1,0,1,0,0,0,1,0,0,0,0,0,0,1,0,0,0,0,0,0,0,0,0,0,0,3,0,3,0,1,0,0,1,0,0,0,1,1,0,1,0,0,0,0,0,0
MA1279,1,0,0,0,0,0,1,0,0,0,0,0,0,1,0,0,0,0,0,0,0,0,0,0,0,3,0,3,0,1,0,0,1,0,0,0,1,0,0,0,0,0,0,0,0,0
MA127A,0,0,0,0,0,0,0,0,0,0,0,0,0,0,0,0,0,0,0,0,0,0,0,0,0,3,0,3,0,0,0,0,0,0,0,0,0,0,0,0,0,0,0,0,0,0
MA2,2,1,0,0,0,0,2,0,0,0,0,3,3,0,2,0,3,0,0,0,0,0,0,0,2,3,0,3,0,2,2,0,0,0,0,0,2,2,3,0,0,3,0,0,2,2
MA22,2,1,0,0,0,0,2,0,0,0,0,3,3,0,2,0,3,0,0,0,0,0,0,0,2,3,0,3,0,2,2,0,0,0,0,0,2,2,3,0,0,3,0,0,2,2
MA226,1,1,2,0,1,0,2,0,0,0,0,2,0,0,0,0,3,0,0,0,0,0,0,0,2,3,0,3,0,2,1,3,0,3,3,2,2,0,0,3,0,0,0,0,0,0
MA2261,1,1,2,0,1,0,2,0,0,0,0,2,0,0,0,0,3,0,0,0,0,0,0,0,2,3,0,3,0,2,1,3,0,3,3,2,2,0,0,3,0,0,0,0,0,0
MA227,2,1,0,0,0,0,2,0,0,0,0,3,3,0,2,0,3,0,0,0,0,0,0,0,2,3,0,3,0,2,2,0,0,0,0,0,2,2,3,0,0,3,0,0,2,2
MA2271,2,1,0,0,0,0,2,0,2,0,0,3,3,0,2,0,3,0,3,2,0,0,0,0,2,3,0,3,0,2,2,0,0,3,3,2,2,2,3,0,0,3,0,0,2,2
MA22711,2,1,0,0,0,0,2,0,0,0,0,3,3,0,2,0,3,0,0,0,0,0,0,0,2,3,3,3,0,2,2,0,0,0,0,0,2,2,3,0,0,3,0,0,0,2
MA22712,2,1,0,0,0,0,2,0,0,0,0,3,3,0,2,0,3,0,0,0,0,0,0,0,2,3,3,3,0,2,2,0,0,0,0,0,2,2,3,0,0,3,0,0,2,2
MA22713,2,1,0,0,0,0,2,0,0,0,0,3,3,0,2,0,3,0,0,0,0,0,0,0,2,3,3,3,0,2,2,0,0,0,0,0,2,2,3,0,0,3,0,0,2,2
MA3,1,0,1,0,0,0,1,0,0,0,0,2,0,0,0,0,0,0,0,0,0,0,0,0,2,3,3,3,0,1,0,0,0,3,3,2,2,2,0,1,0,0,0,0,0,0
MA32,1,0,1,0,0,0,1,0,0,0,0,2,0,0,0,0,0,0,0,0,0,0,0,0,2,3,3,3,0,1,0,0,0,3,3,2,2,2,0,1,0,0,0,0,0,0
MA321,1,0,1,0,0,0,1,0,0,0,0,2,0,0,0,0,0,0,0,0,0,0,0,0,2,3,3,3,0,1,0,0,0,3,3,2,2,2,0,1,0,0,0,0,0,0
MA3211,0,0,0,0,0,0,1,0,0,0,0,2,0,0,0,0,0,0,0,0,0,0,0,0,0,3,3,3,0,0,0,0,0,3,3,2,0,0,0,0,0,0,0,0,0,0
MA3212,1,0,1,0,0,0,1,0,0,0,0,2,0,0,0,0,0,0,0,0,0,0,0,0,2,3,3,3,0,1,0,0,0,0,0,0,2,2,0,1,0,0,0,0,0,0
MA4,1,0,0,0,0,0,0,0,0,0,0,2,0,0,0,0,3,0,0,0,0,0,0,0,1,3,3,3,0,1,1,1,0,0,0,0,1,1,0,0,0,0,0,0,1,0
MA42,1,0,0,0,0,0,0,0,0,0,0,2,0,0,0,0,3,0,0,0,0,0,0,0,1,3,3,3,0,1,1,1,0,0,0,0,1,1,0,0,0,0,0,0,1,0
MA421,1,0,1,0,0,0,1,0,0,0,0,2,0,0,0,0,0,0,0,0,0,0,0,0,1,3,3,3,0,1,1,0,1,0,0,0,1,1,0,0,0,0,0,0,1,0
MA4211,1,0,1,0,0,0,1,0,0,0,0,2,0,0,0,0,0,0,0,0,0,0,0,0,1,3,3,3,0,1,1,0,1,0,0,0,1,1,0,0,0,0,0,0,1,0
MA423,1,0,0,0,0,0,0,0,0,0,0,2,0,0,0,0,3,0,0,0,0,0,0,0,1,3,3,3,0,1,1,1,0,0,0,0,1,1,0,0,0,0,0,0,1,0
MA4231,1,0,1,0,0,0,1,0,0,0,0,2,0,0,1,0,2,0,0,0,0,0,0,0,1,3,3,3,0,1,1,0,0,0,0,0,2,1,0,0,0,0,0,0,0,0
MA4232,1,0,0,0,0,0,0,0,0,0,0,2,0,0,0,0,3,0,0,0,0,0,0,0,1,3,3,3,0,1,1,1,0,0,0,0,1,1,0,0,0,0,0,0,1,0
MA42321,1,0,0,0,0,0,0,0,0,0,0,2,0,0,0,0,3,0,0,0,0,0,0,0,1,3,3,3,0,1,1,1,0,0,0,0,1,1,0,0,0,0,0,0,1,0
MA42322,1,0,0,0,0,0,0,0,0,0,0,2,0,0,0,0,3,0,0,0,0,0,0,0,1,3,3,3,0,1,1,0,0,0,0,0,1,1,0,0,0,0,0,0,1,0
MA42323,1,0,0,0,0,0,1,0,0,0,0,2,0,0,0,0,3,0,0,0,0,0,0,0,1,3,3,3,0,1,1,1,0,0,0,0,1,1,0,1,0,0,0,0,1,0
MA42324,1,0,0,0,0,0,0,0,0,0,0,2,0,0,0,0,3,0,0,0,0,0,0,0,1,3,3,3,0,1,1,1,0,0,0,0,1,1,0,0,0,0,0,0,1,0
MA42325,1,0,0,0,0,0,0,0,0,0,0,2,0,0,0,0,3,0,0,0,0,0,0,0,1,3,3,3,0,1,1,1,0,0,0,0,1,1,0,0,0,0,0,0,1,0
MA4233,1,0,0,0,1,0,2,0,0,0,0,2,0,0,2,0,3,0,0,0,0,0,0,0,2,3,3,3,0,2,2,0,2,0,0,0,2,1,0,2,0,0,0,0,1,0
MA5,0,0,0,0,0,0,1,0,0,0,0,2,0,0,0,0,0,0,0,0,0,0,0,0,0,3,3,3,0,0,0,0,0,0,0,0,0,0,0,0,0,0,0,0,0,0
MA52,0,0,0,0,0,0,1,0,0,0,0,2,0,0,0,0,0,0,0,0,0,0,0,0,0,3,3,3,0,0,0,0,0,0,0,0,0,0,0,0,0,0,0,0,0,0
MA521,1,0,0,0,0,0,2,0,0,0,0,2,0,0,0,0,0,0,0,0,0,0,0,0,1,3,3,3,0,1,2,0,0,0,0,0,2,0,0,1,0,0,0,0,0,0
MA5211,1,0,0,0,0,0,2,0,0,0,0,2,0,0,0,0,0,0,0,0,0,0,0,0,1,3,3,3,0,1,2,0,0,0,0,0,2,0,0,1,0,0,0,0,0,0
MA522,2,0,3,0,0,0,2,0,0,0,0,3,2,2,2,0,3,0,3,2,2,0,0,2,3,3,3,3,0,3,1,0,2,3,2,2,3,2,3,0,0,0,0,0,2,2
MA5222,2,0,3,0,0,0,2,0,0,0,0,3,2,2,2,0,3,0,3,2,2,0,0,2,3,3,3,3,0,3,1,0,2,3,2,2,3,2,3,0,0,0,0,0,2,2
MA523,0,0,0,0,0,0,1,0,0,0,0,2,0,0,0,0,0,0,0,0,0,0,0,0,0,3,3,3,0,0,0,0,0,0,0,0,0,0,0,0,0,0,0,0,0,0
MA5231,0,0,0,0,0,0,1,0,0,0,0,2,0,0,0,0,0,0,0,0,0,0,0,0,0,3,3,3,0,0,0,0,0,0,0,0,0,0,0,0,0,0,0,0,0,0
MA5232,1,0,1,0,0,0,0,0,0,0,0,2,0,0,0,0,0,0,0,0,0,0,0,0,1,3,3,3,0,1,0,2,0,0,0,0,1,0,0,0,0,0,0,0,1,0
MA52321,1,0,1,0,0,0,0,0,0,0,0,2,0,0,0,0,0,0,0,0,0,0,0,0,1,3,3,3,0,1,0,2,0,0,0,0,1,0,0,0,0,0,0,0,1,0
MA52322,1,0,1,0,0,0,0,0,0,0,0,2,0,0,0,0,0,0,0,0,0,0,0,0,1,3,3,3,0,1,0,1,2,0,0,0,1,0,0,0,0,0,0,0,1,0
MA5233,1,0,1,0,0,0,1,0,0,0,0,2,0,1,0,0,0,0,0,0,0,0,0,0,1,3,3,3,0,1,0,1,0,0,0,0,1,0,0,0,0,0,0,0,0,0
MA52331,1,0,1,0,0,0,1,0,0,0,0,2,0,0,0,0,0,0,0,0,0,0,0,0,1,3,3,3,0,1,0,1,0,0,0,0,1,0,0,0,0,0,0,0,0,0
MA52332,1,0,1,0,0,0,1,0,0,0,0,2,0,1,0,0,0,0,0,0,0,0,0,0,1,3,3,3,0,1,0,1,0,0,0,0,1,0,0,0,0,0,0,0,1,1
MA52333,1,0,1,0,0,0,1,0,0,0,0,2,0,1,0,0,0,0,0,0,0,0,0,0,1,3,3,3,0,1,0,1,0,0,0,0,1,0,0,0,0,0,0,0,0,0
MA524,1,0,0,0,1,0,1,0,0,0,0,2,0,0,0,0,0,0,0,0,0,0,0,0,1,3,2,3,0,1,1,0,1,0,0,0,1,0,0,1,0,0,0,0,0,0
MA5241,1,0,0,0,1,0,1,0,0,0,0,2,0,0,0,0,0,0,0,0,0,0,0,0,1,3,2,3,0,1,1,0,1,0,0,0,1,0,0,1,0,0,0,0,0,0
MA52411,1,0,0,0,1,0,1,0,0,0,0,2,0,0,0,0,0,0,0,0,0,0,0,0,1,3,2,3,0,1,1,0,1,0,0,0,1,0,0,1,0,0,0,0,0,0
MA52412,1,0,0,0,1,0,1,0,0,0,0,2,0,0,0,0,0,0,0,0,0,0,0,0,1,3,2,3,0,1,1,0,1,0,0,0,1,0,0,1,0,0,0,0,0,0
MA52413,1,0,0,0,1,0,1,0,0,0,0,2,0,0,0,0,0,0,0,0,0,0,0,0,1,3,2,3,0,1,1,0,1,0,0,0,1,0,0,1,0,0,0,0,0,0
MA525,2,0,1,0,1,0,2,0,3,2,2,2,2,1,2,2,3,0,1,1,0,0,0,0,3,3,3,3,0,2,2,1,2,3,3,2,2,1,2,2,1,2,0,0,2,0
MA5251,2,0,0,0,1,0,2,0,0,0,0,2,2,0,1,1,2,0,0,0,0,0,0,0,3,3,3,3,0,2,2,0,1,0,0,0,2,0,2,0,1,2,0,0,2,0
MA5252,1,0,0,0,1,0,2,0,0,0,0,2,2,0,2,2,2,0,0,0,0,0,0,0,2,3,3,3,0,2,2,1,2,0,0,0,2,1,2,2,0,2,0,0,1,0
MA5253,1,0,0,0,0,0,0,0,0,0,0,2,1,0,0,2,0,0,0,0,0,0,0,0,1,3,3,3,0,1,1,1,1,0,0,0,1,1,2,0,0,2,0,0,1,0
MA5254,1,0,1,0,0,0,1,0,3,2,2,2,2,1,1,2,2,0,1,1,0,0,0,0,1,3,3,3,0,1,0,1,1,3,3,2,1,1,2,0,0,2,0,0,0,0
MA5255,0,0,0,0,1,0,1,0,0,0,0,2,1,0,0,2,3,0,0,0,0,0,0,0,0,3,3,3,0,1,1,1,0,0,0,0,1,0,2,1,0,1,0,0,0,0
MA6,1,0,1,0,0,0,1,0,0,0,0,3,2,0,1,2,2,0,0,0,0,0,0,0,1,3,3,3,0,1,1,1,1,0,0,0,1,1,2,0,0,2,0,0,2,0
MA62,1,0,1,0,0,0,1,0,0,0,0,3,2,0,1,2,2,0,0,0,0,0,0,0,1,3,3,3,0,1,1,1,1,0,0,0,1,1,2,0,0,2,0,0,2,0
MA622,1,0,1,0,0,0,1,0,0,0,0,3,2,0,1,2,2,0,0,0,0,0,0,0,1,3,3,3,0,1,1,1,1,0,0,0,1,1,2,0,0,2,0,0,2,0
MA6223,1,0,0,0,0,0,1,0,0,0,0,3,1,0,1,2,0,0,0,0,0,0,0,0,1,3,3,3,0,1,1,1,1,0,0,0,1,0,1,0,0,2,0,0,1,0
MA6224,1,0,0,0,0,0,0,0,0,0,0,2,1,0,0,2,2,0,0,0,0,0,0,0,1,3,3,3,0,1,1,1,1,0,0,0,1,1,2,0,0,2,0,0,1,0
MA6225,1,0,0,0,0,0,0,0,0,0,0,2,1,0,0,2,2,0,0,0,0,0,0,0,1,3,3,3,0,1,1,1,0,0,0,0,1,1,2,0,0,2,0,0,1,0
MA6226,1,0,0,0,0,0,1,0,0,0,0,2,1,0,0,2,2,0,0,0,0,0,0,0,1,3,3,3,0,1,1,1,1,0,0,0,1,0,1,0,0,1,0,0,0,0
MA6227,1,0,0,0,0,0,0,0,0,0,0,2,2,0,0,2,2,0,0,0,0,0,0,0,1,3,3,3,0,1,1,1,0,0,0,0,1,0,2,0,0,2,0,0,2,0
MA62271,1,0,0,0,0,0,1,0,0,0,0,2,2,0,0,2,2,0,0,0,0,0,0,0,1,3,3,3,0,1,1,1,0,0,0,0,1,0,2,0,0,2,0,0,2,0
MA62272,1,0,0,0,0,0,0,0,0,0,0,2,2,0,0,2,2,0,0,0,0,0,0,0,1,3,3,3,0,1,1,1,0,0,0,0,1,0,2,0,0,2,0,0,2,0
MA62273,1,0,0,0,0,0,0,0,0,0,0,2,2,0,0,2,0,0,0,0,0,0,0,0,1,3,3,3,0,1,1,1,0,0,0,0,1,0,2,0,0,2,0,0,2,0
MA6228,1,0,1,0,0,0,0,0,0,0,0,2,1,0,0,0,2,0,0,0,0,0,0,0,1,3,3,3,0,1,0,1,0,0,0,0,1,0,0,0,0,1,0,0,1,0
MB1,3,1,2,0,2,0,2,0,3,3,3,3,3,3,2,0,3,0,3,3,2,2,0,2,3,3,3,3,0,3,2,3,2,3,3,3,3,2,3,2,2,3,0,0,2,2
MB12,3,1,2,0,2,0,2,0,3,3,3,3,3,3,2,0,3,0,3,3,2,2,0,2,3,3,3,3,0,3,2,3,2,3,3,3,3,2,3,2,2,3,0,0,2,2
MB121,2,0,2,0,1,0,2,0,3,3,3,3,0,2,1,0,3,0,3,3,2,0,0,1,3,3,0,3,0,2,2,2,2,3,3,3,2,2,0,0,2,0,0,0,1,2
MB1211,1,0,1,0,0,0,1,0,0,0,0,0,0,1,0,0,0,0,0,0,0,0,0,1,0,3,0,3,0,2,2,1,1,0,0,0,0,0,0,0,2,0,0,0,1,2
MB12111,1,0,1,0,0,0,1,0,3,3,3,0,0,1,0,0,0,0,3,3,0,1,0,1,0,3,0,3,0,2,2,1,1,3,3,3,0,0,0,0,2,0,0,0,1,2
MB12112,1,0,1,0,0,0,1,0,3,3,3,0,0,1,0,0,0,0,3,3,0,0,0,1,0,3,0,3,0,2,2,1,1,3,3,3,0,0,0,0,2,0,0,0,1,2
MB1212,1,0,1,0,0,0,1,0,3,3,3,0,0,1,0,0,0,0,3,3,0,0,0,1,0,3,0,3,0,2,2,1,1,3,3,3,0,0,0,0,2,0,0,0,1,2
MB1213,2,0,2,0,0,0,2,0,3,3,2,0,0,2,1,0,0,0,3,2,0,0,0,1,0,3,0,3,0,2,2,2,2,2,0,0,1,0,0,0,2,0,0,0,0,0
MB1215,2,0,2,0,0,0,2,0,0,0,0,0,0,2,1,0,0,0,0,0,0,0,0,1,0,3,0,3,0,2,2,2,2,0,0,0,1,0,0,0,2,0,0,0,0,0
MB12151,2,0,2,0,0,0,2,0,0,0,0,0,0,2,1,0,0,0,0,0,0,0,0,1,0,3,0,3,0,2,2,2,2,0,0,0,1,0,0,0,2,0,0,0,0,0
MB12152,2,0,2,0,0,0,2,0,0,0,0,0,0,2,1,0,0,0,0,0,0,0,0,1,0,3,0,3,0,2,2,2,2,0,0,0,1,0,0,0,2,0,0,0,0,0
MB12153,2,0,2,0,0,0,2,0,0,0,0,0,0,2,1,0,0,0,0,0,0,0,0,1,0,3,0,3,0,2,2,2,2,0,0,0,1,0,0,0,2,0,0,0,0,0
MB1216,2,0,2,0,0,0,2,0,0,0,0,0,0,2,1,0,0,0,0,0,0,0,0,1,0,3,0,3,0,2,2,2,2,0,0,0,1,0,0,0,2,0,0,0,0,0
MB1217,1,0,1,0,0,0,2,0,0,0,0,0,0,1,0,0,3,0,0,0,0,0,0,1,0,3,0,3,0,2,2,2,1,0,0,0,1,0,0,0,1,0,0,0,0,0
MB12171,1,0,1,0,0,0,2,0,0,0,0,0,0,1,0,0,3,0,0,0,0,0,0,1,0,3,0,3,0,2,2,2,1,0,0,0,1,0,0,0,1,0,0,0,0,0
MB12172,2,0,1,0,0,0,2,0,0,0,0,2,0,1,0,0,3,0,0,0,0,0,0,0,2,3,3,3,0,2,1,0,2,0,0,0,2,1,0,0,0,0,0,0,0,0
MB12173,2,0,1,0,0,0,1,0,0,0,0,3,0,1,0,0,3,0,0,0,0,0,0,0,3,3,3,3,0,2,2,2,2,0,0,0,2,2,0,0,0,0,0,0,0,0
MB1218,2,0,2,0,1,0,2,0,0,0,0,2,0,2,1,0,0,0,0,0,2,0,0,1,0,3,0,3,0,2,2,2,2,0,0,0,0,0,0,0,2,0,0,0,0,0
MB12181,2,0,2,0,1,0,2,0,3,3,2,2,0,2,1,0,0,0,3,2,0,0,0,1,0,3,0,3,0,2,2,2,2,2,0,0,0,0,0,0,2,0,0,0,0,0
MB12182,2,0,2,0,1,0,2,0,3,3,2,2,0,2,1,0,0,0,3,2,0,0,0,1,0,3,0,3,0,2,2,2,2,2,0,0,0,0,0,0,2,0,0,0,0,0
MB1219,2,0,2,0,1,0,2,0,0,0,0,2,0,2,1,0,2,0,0,0,0,0,0,1,0,3,0,3,0,2,2,2,2,0,0,0,0,0,0,0,2,0,0,0,0,0
MB12191,2,0,2,0,1,0,2,0,3,3,2,2,0,2,1,0,2,0,3,2,0,0,0,1,0,3,0,3,0,2,2,2,2,2,0,0,0,0,0,0,2,0,0,0,0,0
MB12192,2,0,2,0,1,0,2,0,3,3,2,2,0,2,1,0,0,0,3,2,0,0,0,1,0,3,0,3,0,2,2,2,2,2,0,0,0,0,0,0,2,0,0,0,0,0
MB121A,2,0,2,0,0,0,2,0,0,0,0,0,0,2,1,0,2,0,0,0,0,0,0,1,0,3,0,3,0,2,2,2,2,0,0,0,1,0,0,0,2,0,0,0,0,0
MB121A1,2,0,2,0,0,0,2,0,0,0,0,0,0,2,1,0,2,0,0,0,0,0,0,1,0,3,0,3,0,2,2,2,2,0,0,0,1,0,0,0,2,0,0,0,0,0
MB121A2,2,0,2,0,0,0,2,0,0,0,0,0,0,2,1,0,0,0,0,0,0,0,0,1,0,3,0,3,0,2,2,2,2,0,0,0,1,0,0,0,2,0,0,0,0,0
MB121A3,2,0,2,0,1,0,2,0,0,0,0,0,0,2,1,0,0,0,0,0,0,0,0,1,0,3,0,3,0,2,2,2,2,0,0,0,1,0,0,0,2,0,0,0,0,0
MB121A4,2,0,2,0,1,0,2,0,0,0,0,0,0,2,1,0,0,0,0,0,0,0,0,1,0,3,0,3,0,2,2,2,2,0,0,0,1,0,0,0,2,0,0,0,0,0
MB121A5,2,0,2,0,0,0,2,0,0,0,0,0,0,2,1,0,0,0,0,0,0,0,0,1,0,3,0,3,0,2,2,2,2,0,0,0,2,0,0,0,2,0,0,0,0,0
MB121B,1,0,0,0,0,0,0,0,0,0,0,0,0,0,0,0,0,0,0,0,0,0,0,0,0,3,0,3,0,1,2,2,2,0,0,0,1,0,0,0,0,0,0,0,0,0
MB121C,2,0,2,0,0,0,2,0,0,0,0,0,0,2,1,0,2,0,0,0,0,0,0,1,0,3,0,3,0,2,2,2,2,0,0,0,1,0,0,0,2,0,0,0,0,0
MB121D,2,0,1,0,0,0,0,0,0,0,0,3,0,0,0,0,0,0,0,0,0,0,0,0,3,3,0,3,0,2,0,1,0,0,0,0,2,2,0,0,0,0,0,0,0,0
MB121E,2,0,1,0,0,0,1,0,3,3,2,0,0,1,1,0,3,0,3,3,0,0,0,1,0,3,0,3,0,2,1,0,1,2,0,0,1,0,0,0,1,0,0,0,0,0
MB121F,2,0,2,0,0,0,2,0,3,3,2,0,0,2,1,0,3,0,3,3,0,0,0,1,0,3,0,3,0,2,1,2,2,2,0,0,1,1,0,0,1,0,0,0,0,0
MB121G,2,0,2,0,0,0,2,0,3,3,2,0,0,2,1,0,3,0,3,3,0,0,0,1,0,3,0,3,0,2,2,2,2,2,0,0,2,1,0,0,1,0,0,0,0,0
MB121H,2,0,2,0,0,0,1,0,3,3,2,0,0,1,1,0,3,0,3,3,0,0,0,1,0,3,0,3,0,2,0,1,0,3,2,2,2,1,0,0,2,0,0,0,0,0
MB121J,1,0,1,0,0,0,0,0,0,0,0,0,0,0,0,0,0,0,0,0,0,0,0,0,0,3,0,3,0,1,0,2,2,0,0,0,1,0,0,0,1,0,0,0,0,0
MB122,1,0,2,0,0,0,0,0,0,0,0,0,0,0,0,0,0,0,0,0,0,0,0,0,0,3,0,3,0,2,2,2,2,0,0,0,1,0,0,0,0,0,0,0,0,0
MB1221,1,0,2,0,0,0,0,0,0,0,0,0,0,0,0,0,0,0,0,0,0,0,0,0,0,3,0,3,0,2,2,2,2,0,0,0,1,0,0,0,0,0,0,0,0,0
MB12211,1,0,2,0,0,0,0,0,0,0,0,2,0,0,0,0,0,0,0,0,0,0,0,0,0,3,0,3,0,2,2,2,2,0,0,0,1,0,0,0,0,0,0,0,0,0
MB123,2,0,2,0,0,0,2,0,3,3,2,0,0,3,1,0,3,0,3,3,0,0,0,2,1,3,3,3,0,2,2,2,2,3,2,2,2,1,0,2,2,0,0,0,2,2
MB1231,2,0,1,0,0,0,1,0,3,3,2,0,0,2,0,0,1,0,3,3,0,0,0,1,0,3,0,3,0,2,2,1,1,3,2,2,1,0,0,1,2,0,0,0,0,0
MB1232,2,0,1,0,0,0,1,0,3,3,2,0,0,2,0,0,1,0,3,3,0,0,0,1,0,3,0,3,0,2,2,1,1,2,0,0,1,0,0,1,2,0,0,0,0,0
MB1233,2,0,2,0,0,0,1,0,0,0,0,0,0,2,1,0,1,0,0,0,0,0,0,1,0,3,0,3,0,2,0,1,1,0,0,0,1,0,0,0,2,0,0,0,0,0
MB1234,2,0,1,0,0,0,1,0,0,0,0,0,0,2,0,0,1,0,0,0,0,0,0,1,0,3,0,3,0,2,2,1,1,0,0,0,1,0,0,1,2,0,0,0,0,0
MB1235,2,0,1,0,0,0,1,0,0,0,0,0,0,2,0,0,1,0,0,0,0,0,0,1,0,3,0,3,0,2,2,1,1,0,0,0,1,0,0,1,2,0,0,0,0,0
MB1236,2,0,2,0,0,0,2,0,2,2,2,0,0,2,0,0,3,0,3,2,0,0,0,2,0,3,0,3,0,2,2,2,0,2,0,0,0,0,0,0,2,0,0,0,0,0
MB1237,1,0,1,0,0,0,0,0,0,0,0,0,0,0,0,0,0,0,0,0,0,0,0,0,0,3,3,3,0,2,2,2,2,0,0,0,1,0,0,0,0,0,0,0,0,0
MB1238,2,0,2,0,0,0,2,0,0,0,0,0,0,2,1,0,3,0,0,0,0,0,0,2,0,3,0,3,0,2,2,2,2,0,0,0,1,1,0,2,0,0,0,0,0,0
MB1239,2,0,2,0,0,0,2,0,0,0,0,0,0,2,1,0,3,0,0,0,0,0,0,1,0,3,0,3,0,2,2,2,2,0,0,0,2,1,0,0,2,0,0,0,0,0
MB12391,2,0,2,0,0,0,2,0,0,0,0,0,0,2,1,0,3,0,0,0,0,0,0,1,0,3,0,3,0,2,2,2,2,0,0,0,2,1,0,0,2,0,0,0,0,0
MB12392,2,0,2,0,0,0,2,0,0,0,0,0,0,2,1,0,3,0,0,0,0,0,0,1,0,3,0,3,0,2,2,2,2,0,0,0,2,1,0,0,2,0,0,0,0,0
MB12393,2,0,2,0,0,0,2,0,0,0,0,0,0,2,1,0,3,0,0,0,0,0,0,1,0,3,0,3,0,2,2,2,2,0,0,0,2,1,0,0,2,0,0,0,0,0
MB123A,1,0,1,0,0,0,2,0,0,0,0,0,0,3,0,0,3,0,0,0,0,0,0,0,0,3,0,3,0,2,2,0,1,0,0,0,1,0,0,0,1,0,0,0,0,0
MB123A1,1,0,1,0,0,0,2,0,0,0,0,0,0,3,0,0,3,0,0,0,0,0,0,0,0,3,0,3,0,1,2,0,1,0,0,0,2,0,0,0,1,0,0,0,0,1
MB123A2,1,0,1,0,0,0,2,0,0,0,0,0,0,3,0,0,3,0,0,0,0,0,0,0,0,3,0,3,0,2,2,0,1,0,0,0,1,0,0,0,1,0,0,0,0,0
MB123A3,1,0,1,0,0,0,0,0,0,0,0,0,0,3,0,0,3,0,0,0,0,0,0,0,0,3,0,3,0,2,2,0,1,0,0,0,1,0,0,0,1,0,0,0,0,0
MB123A4,2,0,2,0,0,0,0,0,0,0,0,0,0,0,0,0,0,0,0,0,0,0,0,0,0,3,0,3,0,2,2,2,2,0,0,0,2,0,0,0,1,0,0,0,0,0
MB123B,2,0,2,0,0,0,2,0,0,0,0,0,0,2,1,0,3,0,0,0,0,0,0,1,0,3,0,3,0,2,2,2,2,0,0,0,2,0,0,0,2,0,0,0,2,2
MB123C,1,0,0,0,0,0,1,0,0,0,0,0,0,0,1,0,3,0,0,0,0,0,0,1,1,3,3,3,0,1,1,1,1,0,0,0,0,0,0,0,2,0,0,0,0,0
MB124,2,0,1,0,1,0,2,0,3,2,2,0,0,2,1,0,3,0,3,0,0,2,0,1,0,3,0,3,0,1,0,1,2,2,0,0,2,2,0,0,2,0,0,0,1,0
MB1241,2,0,1,0,0,0,2,0,0,0,0,0,0,2,1,0,3,0,0,0,0,0,0,1,0,3,0,3,0,1,0,1,2,0,0,0,2,2,0,0,2,0,0,0,1,0
MB1242,2,0,1,0,1,0,2,0,3,2,2,0,0,2,1,0,3,0,3,0,0,2,0,1,0,3,0,3,0,1,0,1,2,2,0,0,2,2,0,0,2,0,0,0,1,0
MB1243,2,0,1,0,0,0,2,0,0,0,0,0,0,2,1,0,3,0,0,0,0,0,0,1,0,3,0,3,0,1,0,1,2,0,0,0,2,1,0,0,2,0,0,0,1,0
MB125,3,0,2,0,2,0,2,0,0,0,0,0,0,0,0,0,2,0,0,0,0,0,0,2,0,3,0,3,0,3,2,3,2,0,0,0,3,2,0,2,0,0,0,0,0,2
MB1251,1,0,1,0,0,0,1,0,0,0,0,0,0,0,0,0,0,0,0,0,0,0,0,0,0,3,0,3,0,1,1,1,1,0,0,0,2,2,0,0,0,0,0,0,0,0
MB1252,3,0,2,0,0,0,2,0,0,0,0,0,0,0,0,0,0,0,0,0,0,0,0,2,0,3,0,3,0,3,2,0,0,0,0,0,3,2,0,0,0,0,0,0,0,2
MB1253,2,0,0,0,0,0,2,0,0,0,0,0,0,0,0,0,2,0,0,0,0,0,0,2,0,3,0,3,0,2,2,3,1,0,0,0,0,1,0,0,0,0,0,0,0,0
MB1254,2,0,0,0,2,0,2,0,0,0,0,0,0,0,0,0,0,0,0,0,0,0,0,2,0,3,0,3,0,2,2,2,2,0,0,0,2,2,0,2,0,0,0,0,0,0
MB126,2,1,1,0,0,0,1,0,0,0,0,2,3,0,2,0,2,0,0,0,0,0,0,1,1,3,3,3,0,3,2,2,1,0,0,0,2,2,3,0,0,3,0,0,2,2
MB1261,2,1,0,0,0,0,0,0,0,0,0,0,3,0,2,0,2,0,0,0,0,0,0,0,0,3,0,3,0,3,2,0,0,0,0,0,2,2,3,0,0,3,0,0,2,2
MB1262,1,0,0,0,0,0,1,0,0,0,0,0,0,0,0,0,0,0,0,0,0,0,0,0,0,3,0,3,0,0,0,0,1,0,0,0,1,1,0,0,0,0,0,0,0,1
MB1263,1,0,1,0,0,0,1,0,0,0,0,2,0,0,0,0,0,0,0,0,0,0,0,1,1,3,3,3,0,0,0,2,1,0,0,0,1,1,0,0,0,0,0,0,0,1
MB127,1,0,1,0,0,0,1,0,0,0,0,0,0,0,0,0,0,0,0,0,0,0,0,0,0,3,0,3,0,2,2,2,2,0,0,0,1,1,0,1,1,0,0,0,0,0
MB1271,1,0,0,0,0,0,0,0,0,0,0,0,0,0,0,0,0,0,0,0,0,0,0,0,0,3,0,3,0,2,2,2,2,0,0,0,1,0,0,0,0,0,0,0,0,0
MB1272,1,0,1,0,0,0,1,0,0,0,0,0,0,0,0,0,0,0,0,0,0,0,0,0,0,3,0,3,0,1,0,1,0,0,0,0,1,1,0,1,1,0,0,0,0,0
MB1273,1,0,1,0,0,0,1,0,0,0,0,0,0,0,0,0,0,0,0,0,0,0,0,0,0,3,0,3,0,1,0,1,0,0,0,0,1,1,0,1,1,0,0,0,0,0
MB1274,1,0,1,0,0,0,1,0,0,0,0,0,0,0,0,0,0,0,0,0,0,0,0,0,0,3,0,3,0,1,0,1,0,0,0,0,1,1,0,1,1,0,0,0,0,0
MB1275,1,0,1,0,0,0,1,0,0,0,0,0,0,0,0,0,0,0,0,0,0,0,0,0,0,3,0,3,0,1,0,1,0,0,0,0,1,1,0,1,1,0,0,0,0,0
MB1276,1,0,0,0,0,0,0,0,0,0,0,0,0,0,0,0,0,0,0,0,0,0,0,0,0,3,0,3,0,2,0,0,1,0,0,0,1,0,0,1,1,0,0,0,0,0
MB12761,1,0,0,0,0,0,0,0,0,0,0,0,0,0,0,0,0,0,0,0,0,0,0,0,0,3,0,3,0,1,0,0,1,0,0,0,1,0,0,0,1,0,0,0,0,0
MB12762,1,0,0,0,0,0,0,0,0,0,0,2,0,0,0,0,0,0,0,0,0,0,0,0,0,3,0,3,0,2,0,0,1,0,0,0,1,0,0,1,1,0,0,0,0,0
MB2,3,1,2,0,3,0,0,3,0,0,0,3,3,0,3,3,3,0,1,1,0,0,0,0,3,3,3,3,3,3,3,3,3,0,0,0,3,3,3,2,0,3,0,0,2,2
MB22,3,1,2,0,3,0,0,3,0,0,0,3,3,0,3,3,3,0,1,1,0,0,0,0,3,3,3,3,3,3,3,3,3,0,0,0,3,3,3,2,0,3,0,0,2,2
MB221,3,1,2,0,3,0,0,0,0,0,0,3,0,0,0,0,3,0,0,0,0,0,0,0,3,3,3,3,0,3,0,2,3,0,0,0,3,2,0,0,0,0,0,0,0,0
MB2211,1,1,2,0,0,0,0,0,0,0,0,2,0,0,0,0,2,0,0,0,0,0,0,0,2,3,3,3,0,2,0,2,0,0,0,0,2,0,0,0,0,0,0,0,0,0
MB2212,3,0,0,0,3,0,0,0,0,0,0,3,0,0,0,0,3,0,0,0,0,0,0,0,3,3,3,3,0,3,0,2,3,0,0,0,3,2,0,0,0,0,0,0,0,0
MB222,3,0,2,0,0,0,0,3,0,0,0,3,3,0,3,3,3,0,1,1,0,0,0,0,3,3,2,3,3,3,3,3,3,0,0,0,3,3,3,2,0,3,0,0,2,2
MB2221,3,0,2,0,0,0,0,0,0,0,0,3,0,0,0,0,2,0,0,0,0,0,0,0,3,3,2,3,0,3,0,3,3,0,0,0,3,2,0,0,0,0,0,0,2,2
MB2222,3,0,0,0,0,0,0,3,0,0,0,3,3,0,3,3,3,0,1,1,0,0,0,0,3,3,0,3,3,2,3,2,0,0,0,0,3,3,3,2,0,3,0,0,0,0
MB3,3,0,2,0,3,0,0,0,0,0,0,3,3,0,0,2,3,0,0,0,3,0,0,3,3,3,3,3,0,3,3,3,0,0,0,0,3,3,0,2,2,0,0,0,3,0
MB32,3,0,2,0,3,0,0,0,0,0,0,3,3,0,0,2,3,0,0,0,3,0,0,3,3,3,3,3,0,3,3,3,0,0,0,0,3,3,0,2,2,0,0,0,3,0
MB321,2,0,2,0,1,0,2,0,3,3,2,2,0,2,1,0,3,0,3,3,0,2,0,1,2,3,3,3,0,2,2,2,2,2,0,0,2,1,0,0,2,0,0,0,0,0
MB3211,2,0,1,0,0,0,1,0,3,3,2,2,0,1,1,0,3,0,3,3,0,0,0,1,2,3,3,3,0,2,0,1,1,2,0,0,1,0,0,0,2,0,0,0,0,0
MB32111,2,0,1,0,0,0,1,0,0,0,0,2,0,2,1,0,3,0,0,0,0,0,0,1,2,3,3,3,0,2,0,1,1,0,0,0,1,0,0,0,2,0,0,0,0,0
MB32112,2,0,1,0,0,0,1,0,3,3,2,2,0,2,1,0,1,0,3,3,0,0,0,1,2,3,3,3,0,2,0,1,1,2,0,0,1,0,0,0,2,0,0,0,0,0
MB3212,2,0,2,0,1,0,2,0,3,2,2,2,0,2,1,0,3,0,3,2,0,2,0,1,2,3,3,3,0,2,0,2,2,2,0,0,2,1,0,0,2,0,0,0,0,0
MB3213,2,0,2,0,0,0,1,0,3,3,2,2,0,1,1,0,3,0,3,3,0,0,0,1,2,3,3,3,0,2,2,1,1,2,0,0,1,0,0,0,2,0,0,0,0,0
MB3214,2,0,2,0,0,0,1,0,3,3,2,2,0,1,1,0,3,0,3,3,0,0,0,1,2,3,3,3,0,2,2,1,1,2,0,0,1,0,0,0,2,0,0,0,0,0
MB322,3,0,2,0,3,0,0,0,0,0,0,3,3,0,0,2,3,0,0,0,3,0,0,3,3,3,3,3,0,3,3,3,0,0,0,0,3,3,0,2,2,0,0,0,3,0
MB3221,3,0,2,0,3,0,0,0,2,2,2,3,3,0,0,2,3,0,2,0,3,3,0,3,3,3,3,3,0,3,3,2,2,2,0,0,3,3,0,0,0,0,0,0,3,0
MB32211,3,0,2,0,3,0,0,0,0,0,0,3,3,1,0,2,3,0,0,0,3,0,0,3,3,3,3,3,0,3,3,2,0,0,0,0,0,3,0,0,0,0,0,0,3,0
MB32212,3,0,2,0,3,0,0,0,0,0,0,3,3,0,0,2,3,0,0,0,3,0,0,3,3,3,3,3,0,3,3,2,2,0,0,0,3,3,0,0,0,0,0,0,3,0
MB3222,3,0,2,0,3,0,0,0,3,3,3,3,3,0,0,2,3,0,3,3,3,3,0,3,3,3,3,3,0,3,3,3,0,2,0,0,3,3,0,0,2,0,0,0,3,0
MB323,1,0,1,0,2,0,2,0,0,0,0,2,0,0,1,0,3,0,0,0,0,0,0,2,2,3,3,3,0,2,2,2,2,0,0,0,2,1,0,1,1,0,0,0,0,0
MB3231,0,0,0,0,0,0,0,0,0,0,0,2,0,0,0,0,0,0,0,0,0,0,0,0,0,3,3,3,0,0,0,0,0,0,0,0,0,0,0,0,0,0,0,0,0,0
MB3232,0,0,0,0,2,0,2,0,0,0,0,2,0,0,0,0,3,0,0,0,0,0,0,2,2,3,3,3,0,2,0,0,0,0,0,0,2,0,0,0,0,0,0,0,0,0
MB3233,1,0,1,0,1,0,0,0,0,0,0,2,0,0,0,0,3,0,0,0,0,0,0,0,1,3,3,3,0,1,2,2,2,0,0,0,2,1,0,1,1,0,0,0,0,0
MB3234,1,0,0,0,1,0,0,0,0,0,0,2,0,0,0,0,3,0,0,0,0,0,0,0,2,3,3,3,0,1,0,1,2,0,0,0,2,1,0,1,0,0,0,0,0,0
MB3235,1,0,0,0,2,0,0,0,0,0,0,2,0,0,1,0,2,0,0,0,0,0,0,0,1,3,3,3,0,1,2,2,2,0,0,0,2,1,0,1,0,0,0,0,0,0
MB3236,1,0,1,0,0,0,0,0,0,0,0,2,0,0,0,0,3,0,0,0,0,0,0,0,1,3,3,3,0,1,0,1,1,0,0,0,1,0,0,0,0,0,0,0,0,0
MB3237,0,0,0,0,1,0,0,0,0,0,0,2,0,0,0,0,3,0,0,0,0,0,0,0,0,3,3,3,0,1,0,1,0,0,0,0,1,0,0,1,0,0,0,0,0,0
MB3238,0,0,0,0,0,0,0,0,0,0,0,2,0,0,0,0,0,0,0,0,0,0,0,0,0,3,3,3,0,0,0,1,2,0,0,0,0,0,0,0,0,0,0,0,0,0
MB4,1,0,0,0,0,0,0,0,0,0,0,2,0,0,0,0,2,0,0,0,0,0,0,0,2,3,3,3,0,2,2,2,2,0,0,0,1,1,0,0,1,0,0,0,2,0
MB42,1,0,0,0,0,0,0,0,0,0,0,2,0,0,0,0,2,0,0,0,0,0,0,0,2,3,3,3,0,2,2,2,2,0,0,0,1,1,0,0,1,0,0,0,2,0
MB421,3,0,2,0,3,0,0,0,2,2,2,3,3,0,0,2,3,0,2,2,3,2,0,3,3,3,3,3,0,3,3,2,0,2,0,0,3,3,0,2,0,0,0,0,3,0
MB4211,3,0,2,0,3,0,0,0,2,2,2,3,3,0,0,2,3,0,2,2,3,2,0,3,3,3,3,3,0,3,3,2,0,2,0,0,3,3,0,2,0,0,0,0,3,0
MB422,2,0,1,0,0,0,1,0,3,3,2,2,0,2,1,0,3,0,3,3,0,0,0,1,2,3,3,3,0,2,0,1,1,2,0,0,1,0,0,0,2,0,0,0,0,0
MB4221,1,0,0,0,0,0,0,0,0,0,0,2,0,0,0,0,0,0,0,0,0,0,0,0,1,3,0,3,0,1,1,0,0,0,0,0,2,1,0,0,0,0,0,0,0,0
MB423,2,0,1,0,2,0,1,0,0,0,0,2,0,0,1,0,3,0,0,0,0,0,0,0,2,3,3,3,0,2,1,1,2,0,0,0,2,2,0,1,0,0,0,0,0,0
MB4231,1,0,0,0,0,0,1,0,0,0,0,2,0,0,0,0,0,0,0,0,0,0,0,0,1,3,3,3,0,1,1,1,0,0,0,0,1,1,0,1,0,0,0,0,0,0
MB4232,2,0,0,0,2,0,0,0,0,0,0,2,0,0,0,0,3,0,0,0,0,0,0,0,2,3,2,3,0,2,0,0,2,0,0,0,2,2,0,0,0,0,0,0,0,0
MB4233,1,0,1,0,1,0,0,0,0,0,0,2,0,0,1,0,3,0,0,0,0,0,0,0,1,3,3,3,0,1,1,1,1,0,0,0,1,1,0,1,0,0,0,0,0,0
MB424,1,0,1,0,0,0,1,0,0,0,0,2,0,0,0,0,2,0,0,0,0,0,0,0,1,3,3,3,0,1,1,1,1,0,0,0,1,1,0,1,0,0,0,0,0,0
MB4241,1,0,1,0,0,0,1,0,0,0,0,2,0,0,0,0,2,0,0,0,0,0,0,0,1,3,3,3,0,1,0,0,1,0,0,0,1,0,0,0,0,0,0,0,0,0
MB4242,1,0,0,0,0,0,1,0,0,0,0,2,0,0,0,0,0,0,0,0,0,0,0,0,1,3,3,3,0,1,1,1,0,0,0,0,1,1,0,1,0,0,0,0,0,0
MB5,1,0,0,0,0,0,0,0,0,0,0,2,0,0,0,0,0,0,0,0,0,0,0,0,2,3,3,3,0,2,2,2,2,0,0,0,1,0,0,0,1,0,0,0,2,0
MB52,1,0,0,0,0,0,0,0,0,0,0,2,0,0,0,0,0,0,0,0,0,0,0,0,2,3,3,3,0,2,2,2,2,0,0,0,1,0,0,0,1,0,0,0,2,0
MB521,2,0,1,0,0,0,1,0,3,3,2,2,0,2,1,0,1,0,3,3,0,0,0,1,2,3,3,3,0,2,0,1,1,2,0,0,1,0,0,0,2,0,0,0,0,0
MB5211,2,0,1,0,0,0,1,0,3,3,2,2,0,2,1,0,1,0,3,3,0,0,0,1,2,3,3,3,0,2,0,1,1,2,0,0,1,0,0,0,2,0,0,0,0,0
MB522,2,0,3,0,0,0,2,0,2,2,2,3,2,3,3,0,3,0,3,2,2,0,0,2,3,3,3,3,0,3,2,2,2,3,2,2,3,2,3,0,2,0,0,0,2,2
MB5223,2,0,3,0,0,0,2,0,2,2,2,3,2,3,3,0,3,0,3,2,2,0,0,2,3,3,3,3,0,3,2,2,2,3,2,2,3,2,3,0,2,0,0,0,2,2
MB5224,1,0,3,0,0,0,2,0,0,0,0,3,0,1,0,0,3,0,0,0,0,0,0,0,1,3,3,3,0,2,1,1,0,0,0,0,3,2,0,0,0,0,0,0,2,2
MB523,2,0,1,0,2,0,0,0,3,2,2,2,0,1,1,0,2,0,1,1,0,2,0,2,2,3,3,3,0,2,2,2,2,2,0,0,2,1,0,1,1,0,0,0,1,0
MB5231,1,0,1,0,0,0,0,0,0,0,0,2,0,1,0,0,0,0,0,0,0,0,0,0,1,3,3,3,0,1,0,1,0,2,0,0,1,0,0,0,0,0,0,0,0,0
MB5232,1,0,0,0,1,0,0,0,3,2,2,2,0,0,0,0,2,0,0,0,0,2,0,0,1,3,3,3,0,1,0,1,0,0,0,0,1,0,0,0,0,0,0,0,0,0
MB5233,1,0,1,0,0,0,0,0,2,2,0,2,0,1,0,0,0,0,1,0,0,0,0,0,1,3,3,3,0,1,0,1,0,2,0,0,1,0,0,0,0,0,0,0,0,0
MB5234,1,0,1,0,1,0,0,0,0,0,0,2,0,0,1,0,0,0,0,0,0,0,0,0,2,3,3,3,0,1,0,0,1,0,0,0,1,1,0,0,0,0,0,0,1,0
MB5235,2,0,0,0,2,0,0,0,0,0,0,2,0,0,0,0,2,0,0,0,0,0,0,2,2,3,3,3,0,2,2,2,2,0,0,0,1,0,0,1,0,0,0,0,0,0
MB5236,1,0,1,0,1,0,0,0,0,0,0,2,0,0,1,0,0,0,0,0,0,0,0,0,1,3,3,3,0,1,2,2,2,0,0,0,2,1,0,1,1,0,0,0,0,0
MB5237,0,0,0,0,0,0,0,0,2,2,0,2,0,0,0,0,0,0,1,1,0,0,0,0,1,3,3,3,0,2,2,0,0,0,0,0,1,0,0,0,1,0,0,0,0,0
MB5238,1,0,1,0,1,0,0,0,0,0,0,2,0,0,1,0,2,0,0,0,0,0,0,0,1,3,3,3,0,1,2,2,2,0,0,0,2,1,0,1,1,0,0,0,0,0
MB524,1,0,1,0,0,0,0,0,0,0,0,2,0,0,0,0,2,0,0,0,0,0,0,0,1,3,3,3,0,1,1,0,2,0,0,0,1,0,0,1,0,0,0,0,0,0
MB5241,1,0,0,0,0,0,0,0,0,0,0,2,0,0,0,0,2,0,0,0,0,0,0,0,1,3,3,3,0,1,0,0,2,0,0,0,1,0,0,1,0,0,0,0,0,0
MB5242,1,0,1,0,0,0,0,0,0,0,0,2,0,1,0,0,0,0,0,0,0,0,0,0,1,3,3,3,0,1,0,2,1,0,0,0,1,0,0,0,0,0,0,0,0,0
MB5243,1,0,1,0,0,0,0,0,0,0,0,2,0,0,0,0,2,0,0,0,0,0,0,0,1,3,3,3,0,1,0,2,2,0,0,0,1,0,0,1,1,0,0,0,0,0
MB6,1,0,0,0,0,0,0,0,0,0,0,2,0,0,0,0,0,0,0,0,0,0,0,0,2,3,3,3,0,2,2,2,2,0,0,0,1,0,0,0,1,0,0,0,2,0
MB62,1,0,0,0,0,0,0,0,0,0,0,2,0,0,0,0,0,0,0,0,0,0,0,0,2,3,3,3,0,2,2,2,2,0,0,0,1,0,0,0,1,0,0,0,2,0
MB621,2,0,2,0,0,0,2,0,3,3,2,2,0,2,1,0,3,0,3,3,0,0,0,1,2,3,3,3,0,2,0,1,1,2,0,0,2,2,0,1,2,0,0,0,2,1
MB6211,2,0,1,0,0,0,1,0,3,3,2,2,0,2,1,0,3,0,3,3,0,0,0,1,2,3,3,3,0,2,0,1,1,2,0,0,1,0,0,0,2,0,0,0,0,0
MB6212,1,0,1,0,0,0,2,0,0,0,0,2,0,1,0,0,0,0,0,0,0,0,0,0,1,3,0,3,0,2,0,1,0,0,0,0,2,2,0,1,1,0,0,0,1,1
MB6213,2,0,2,0,0,0,0,0,0,0,0,2,0,1,0,0,1,0,0,0,0,0,0,0,2,3,0,3,0,2,0,1,0,0,0,0,2,0,0,0,0,0,0,0,2,0
MB624,2,0,1,0,3,0,2,0,0,0,0,3,0,0,2,0,3,0,0,0,0,2,2,2,3,3,3,3,0,2,2,3,2,0,0,0,2,1,0,2,1,0,0,0,3,0
MB6241,2,0,0,0,0,0,0,0,0,0,0,3,0,0,1,0,2,0,0,0,0,0,0,0,3,3,3,3,0,1,2,1,2,0,0,0,2,0,0,0,0,0,0,0,1,0
MB6242,2,0,0,0,2,0,2,0,0,0,0,3,0,0,0,0,0,0,0,0,0,0,0,0,2,3,3,3,0,2,0,0,0,0,0,0,2,0,0,0,0,0,0,0,0,0
MB6243,1,0,1,0,1,0,0,0,0,0,0,2,0,0,0,0,2,0,0,0,0,0,0,1,1,3,3,3,0,1,0,1,1,0,0,0,1,0,0,1,1,0,0,0,0,0
MB6244,1,0,1,0,1,0,0,0,0,0,0,2,0,0,0,0,2,0,0,0,0,0,0,1,1,3,3,3,0,1,0,1,1,0,0,0,1,0,0,1,1,0,0,0,0,0
MB6245,1,0,1,0,1,0,0,0,0,0,0,2,0,0,0,0,0,0,0,0,0,0,0,0,2,3,3,3,0,1,0,0,1,0,0,0,1,1,0,0,0,0,0,0,1,0
MB6246,1,0,1,0,0,0,0,0,0,0,0,2,0,0,0,0,0,0,0,0,0,0,0,0,1,3,3,3,0,1,0,0,0,0,0,0,1,1,0,0,0,0,0,0,1,0
MB6247,1,0,0,0,1,0,0,0,0,0,0,2,0,0,2,0,3,0,0,0,0,0,0,0,2,3,3,3,0,2,2,1,2,0,0,0,2,1,0,2,0,0,0,0,1,0
MB6248,0,0,0,0,0,0,0,0,0,0,0,2,0,0,0,0,0,0,0,0,0,0,0,0,2,3,3,3,0,2,2,0,0,0,0,0,1,0,0,0,1,0,0,0,2,0
MB6249,2,0,0,0,3,0,0,0,0,0,0,3,0,0,0,0,2,0,0,0,0,2,2,2,2,3,3,3,0,2,0,3,2,0,0,0,1,0,0,0,0,0,0,0,3,0
MB624A,2,0,0,0,2,0,0,0,0,0,0,2,0,0,0,0,3,0,0,0,0,0,0,0,2,3,3,3,0,1,0,2,2,0,0,0,1,0,0,0,0,0,0,0,0,0
MB624C,1,0,0,0,0,0,0,0,0,0,0,2,0,0,0,0,0,0,0,0,0,0,0,0,1,3,3,3,0,0,0,0,0,0,0,0,1,1,0,0,0,0,0,0,1,0
MB625,1,3,1,0,1,0,1,0,0,0,0,2,0,0,1,0,2,0,0,0,0,0,0,1,2,3,3,3,0,2,2,1,2,0,0,0,1,1,0,0,0,0,0,0,1,0
MB6251,1,0,1,0,1,0,0,0,0,0,0,2,0,0,1,0,0,0,0,0,0,0,0,1,2,3,3,3,0,1,0,0,1,0,0,0,1,1,0,0,0,0,0,0,1,0
MB6252,1,0,0,0,0,0,1,0,0,0,0,2,0,0,0,0,2,0,0,0,0,0,0,0,1,3,3,3,0,2,0,0,0,0,0,0,1,0,0,0,0,0,0,0,0,0
MB6253,1,0,0,0,0,0,1,0,0,0,0,2,0,0,0,0,0,0,0,0,0,0,0,0,1,3,3,3,0,2,2,0,0,0,0,0,1,0,0,0,0,0,0,0,0,0
MB6254,0,3,0,0,0,0,1,0,0,0,0,1,0,0,0,0,0,0,0,0,0,0,0,0,0,3,3,3,0,0,0,0,0,0,0,0,0,0,0,0,0,0,0,0,1,0
MB6255,1,0,1,0,0,0,0,0,0,0,0,2,0,0,0,0,0,0,0,0,0,0,0,0,1,3,3,3,0,1,0,0,0,0,0,0,1,1,0,0,0,0,0,0,1,0
MB6256,1,0,1,0,0,0,0,0,0,0,0,2,0,0,0,0,2,0,0,0,0,0,0,0,1,3,3,3,0,1,0,1,0,0,0,0,1,0,0,0,0,0,0,0,1,0
MB6257,1,0,1,0,1,0,0,0,0,0,0,2,0,0,0,0,0,0,0,0,0,0,0,0,1,3,3,3,0,1,0,0,2,0,0,0,1,0,0,0,0,0,0,0,0,0
MB626,1,0,0,0,0,0,0,0,0,0,0,2,0,0,0,0,0,0,0,0,0,0,0,0,2,3,3,3,0,2,2,2,2,0,0,0,1,0,0,0,1,0,0,0,2,0
MC1,3,1,0,0,3,0,0,0,0,0,0,0,0,0,0,0,2,0,0,0,0,0,0,0,2,3,0,3,0,3,0,3,0,0,0,0,3,1,0,2,0,0,0,0,2,0
MC12,3,1,0,0,3,0,0,0,0,0,0,0,0,0,0,0,2,0,0,0,0,0,0,0,2,3,0,3,0,3,0,3,0,0,0,0,3,1,0,2,0,0,0,0,2,0
MC121,2,0,2,0,2,0,2,0,0,0,0,2,0,0,2,0,2,0,0,0,0,0,0,1,2,3,3,3,0,2,3,2,2,0,0,0,2,1,0,2,2,0,0,0,0,0
MC1211,1,0,0,0,0,0,0,0,0,0,0,0,0,0,0,0,0,0,0,0,0,0,0,0,0,3,0,3,0,2,0,0,2,0,0,0,1,0,0,0,1,0,0,0,0,0
MC1212,1,0,0,0,0,0,0,0,0,0,0,2,0,0,0,0,0,0,0,0,0,0,0,0,0,3,0,3,0,2,0,2,0,0,0,0,1,0,0,1,1,0,0,0,0,0
MC12121,1,0,0,0,0,0,0,0,0,0,0,2,0,0,0,0,0,0,0,0,0,0,0,0,0,3,0,3,0,2,0,2,0,0,0,0,1,0,0,1,1,0,0,0,0,0
MC12122,1,0,0,0,0,0,0,0,3,3,3,2,0,0,0,0,0,0,3,3,0,2,2,0,0,3,0,3,0,2,0,2,0,0,0,0,1,0,0,0,1,0,0,0,0,0
MC1213,2,0,2,0,2,0,0,0,0,0,0,0,0,0,0,0,0,0,0,0,0,0,0,0,0,3,0,3,0,2,0,2,0,0,0,0,1,0,0,1,0,0,0,0,0,0
MC12131,3,0,0,0,3,0,0,0,0,0,0,0,0,0,2,0,0,0,0,0,0,0,0,0,0,3,0,3,0,3,3,3,3,0,0,0,3,0,0,2,0,0,0,0,0,0
MC12132,2,0,2,0,2,0,0,0,0,0,0,0,0,0,0,0,0,0,0,0,0,0,0,0,0,3,0,3,0,2,0,2,1,0,0,0,1,0,0,2,0,0,0,0,0,0
MC12133,2,0,2,0,2,0,0,0,0,0,0,0,0,0,0,0,0,0,0,0,0,0,0,0,0,3,0,3,0,2,0,2,0,0,0,0,1,0,0,1,0,0,0,0,0,0
MC1214,1,0,0,0,1,0,0,0,0,0,0,0,0,0,0,0,0,0,0,0,0,0,0,1,0,3,0,3,0,1,0,1,1,0,0,0,0,0,0,1,1,0,0,0,0,0
MC1215,2,0,0,0,2,0,0,0,0,0,0,0,0,0,2,0,2,0,0,0,0,0,0,0,0,3,0,3,0,2,3,2,0,0,0,0,2,0,0,2,2,0,0,0,0,0
MC1216,1,0,0,0,1,0,0,0,0,0,0,0,0,0,2,0,0,0,0,0,0,0,0,0,0,3,0,3,0,1,2,2,0,0,0,0,2,1,0,0,0,0,0,0,0,0
MC12161,1,0,0,0,1,0,0,0,0,0,0,0,0,0,2,0,0,0,0,0,0,0,0,0,0,3,0,3,0,1,2,2,0,0,0,0,2,1,0,0,0,0,0,0,0,0
MC12162,1,0,0,0,1,0,0,0,0,0,0,0,0,0,2,0,0,0,0,0,0,0,0,0,0,3,0,3,0,1,2,2,0,0,0,0,2,1,0,0,0,0,0,0,0,0
MC12163,1,0,0,0,1,0,0,0,0,0,0,2,0,0,2,0,0,0,0,0,0,0,0,0,0,3,0,3,0,1,2,2,0,0,0,0,2,1,0,0,0,0,0,0,0,0
MC1217,2,0,0,0,1,0,0,0,0,0,0,2,0,0,0,0,0,0,0,0,0,0,0,0,2,3,3,3,0,2,2,1,0,0,0,0,1,0,0,0,0,0,0,0,0,0
MC1218,2,0,2,0,2,0,2,0,0,0,0,0,0,0,1,0,0,0,0,0,0,0,0,0,0,3,0,3,0,2,0,2,0,0,0,0,1,0,0,0,0,0,0,0,0,0
MC1219,1,0,0,0,1,0,0,0,0,0,0,0,0,0,2,0,0,0,0,0,0,0,0,0,0,3,0,3,0,1,2,2,0,0,0,0,2,1,0,0,0,0,0,0,0,0
MC121A,1,0,0,0,0,0,0,0,0,0,0,0,0,0,0,0,0,0,0,0,0,0,0,0,0,3,0,3,0,2,0,1,1,0,0,0,1,0,0,0,1,0,0,0,0,0
MC121B,2,0,2,0,2,0,0,0,0,0,0,0,0,0,0,0,0,0,0,0,0,0,0,0,0,3,0,3,0,2,0,2,0,0,0,0,0,0,0,1,0,0,0,0,0,0
MC122,2,1,0,0,2,0,0,0,3,3,3,0,3,0,2,0,3,0,3,3,0,2,2,2,0,3,0,3,0,3,3,2,2,0,0,0,2,2,3,2,2,3,0,0,2,0
MC1221,2,0,0,0,2,0,0,0,0,0,0,0,0,0,2,0,2,0,0,0,0,0,0,0,0,3,0,3,0,2,3,2,0,0,0,0,2,0,0,2,2,0,0,0,0,0
MC12211,2,0,0,0,2,0,0,0,0,0,0,0,0,0,2,0,2,0,0,0,0,0,0,0,0,3,0,3,0,2,3,2,0,0,0,0,2,0,0,2,2,0,0,0,0,0
MC12212,2,0,0,0,2,0,0,0,0,0,0,0,0,0,2,0,2,0,0,0,0,0,0,0,0,3,0,3,0,2,3,2,0,0,0,0,2,0,0,2,2,0,0,0,0,0
MC1222,1,0,0,0,2,0,0,0,0,0,0,0,0,0,0,0,0,0,0,0,0,0,0,2,0,3,0,3,0,1,0,2,2,0,0,0,1,0,0,1,1,0,0,0,0,0
MC12221,2,0,0,0,1,0,0,0,0,0,0,0,0,0,0,0,0,0,0,0,0,3,3,0,0,3,0,3,0,2,0,2,2,0,0,0,2,2,0,0,0,0,0,0,0,0
MC12222,1,0,0,0,2,0,0,0,3,3,3,0,0,0,0,0,0,0,3,3,0,3,3,0,0,3,0,3,0,2,0,2,2,0,0,0,1,0,0,1,1,0,0,0,0,0
MC1223,2,0,0,0,0,0,0,0,0,0,0,0,0,0,0,0,0,0,0,0,0,0,0,0,0,3,0,3,0,2,0,2,2,0,0,0,1,0,0,0,2,0,0,0,0,0
MC1224,1,0,0,0,1,0,0,0,0,0,0,0,0,0,0,0,0,0,0,0,0,0,0,1,0,3,0,3,0,2,0,2,2,0,0,0,1,0,0,0,1,0,0,0,0,0
MC12241,1,0,0,0,1,0,0,0,0,0,0,0,0,0,2,0,0,0,0,0,0,0,0,0,0,3,0,3,0,1,2,1,0,0,0,0,2,1,0,0,0,0,0,0,0,0
MC12242,1,0,0,0,1,0,0,0,3,3,3,0,0,0,0,0,0,0,3,3,0,3,3,1,0,3,0,3,0,2,0,2,2,0,0,0,1,0,0,0,1,0,0,0,0,0
MC12243,1,0,0,0,1,0,0,0,3,3,3,0,0,0,0,0,0,0,3,3,0,2,2,1,0,3,0,3,0,2,0,2,2,0,0,0,1,0,0,0,1,0,0,0,0,0
MC12244,2,0,0,0,1,0,0,0,0,0,0,0,0,0,0,0,0,0,0,0,0,0,0,0,0,3,0,3,0,2,0,2,2,0,0,0,2,2,0,0,0,0,0,0,0,0
MC12245,1,0,0,0,1,0,0,0,0,0,0,0,0,0,0,0,0,0,0,0,0,0,0,1,0,3,0,3,0,1,0,1,1,0,0,0,1,0,0,0,1,0,0,0,0,0
MC12246,1,0,0,0,1,0,0,0,3,3,3,0,0,0,0,0,0,0,3,3,0,3,3,1,0,3,0,3,0,1,0,1,1,0,0,0,1,1,0,1,1,0,0,0,0,0
MC1225,1,0,0,0,2,0,0,0,3,3,3,0,0,0,0,0,0,0,3,3,0,2,2,0,0,3,0,3,0,2,0,2,2,0,0,0,1,0,0,0,1,0,0,0,0,0
MC1226,2,1,0,0,0,0,0,0,0,0,0,0,3,0,2,0,3,0,0,0,0,0,0,0,0,3,0,3,0,3,2,0,0,0,0,0,2,2,3,0,0,3,0,0,2,0
MC1227,2,0,0,0,1,0,0,0,0,0,0,0,0,0,0,0,2,0,0,0,0,0,0,0,0,3,0,3,0,2,1,2,0,0,0,0,2,1,0,0,0,0,0,0,0,0
MC123,2,0,0,0,2,0,0,0,0,0,0,0,0,0,2,0,0,0,0,0,0,0,0,0,0,3,0,3,0,2,2,2,2,0,0,0,3,2,0,2,2,0,0,0,1,0
MC1231,2,0,0,0,2,0,0,0,0,0,0,0,0,0,0,0,0,0,0,0,0,0,0,0,0,3,0,3,0,2,2,2,2,0,0,0,3,1,0,0,1,0,0,0,1,0
MC12311,2,0,0,0,2,0,0,0,0,0,0,0,0,0,0,0,0,0,0,0,0,0,0,0,0,3,0,3,0,2,2,2,2,0,0,0,3,1,0,0,1,0,0,0,1,0
MC12312,2,0,0,0,1,0,0,0,0,0,0,0,0,0,0,0,0,0,0,0,0,0,0,0,0,3,0,3,0,2,0,2,2,0,0,0,2,2,0,0,0,0,0,0,0,0
MC1232,2,0,0,0,2,0,0,0,0,0,0,0,0,0,2,0,0,0,0,0,0,0,0,0,0,3,0,3,0,2,0,2,0,0,0,0,2,2,0,2,0,0,0,0,0,0
MC1233,2,0,0,0,2,0,0,0,0,0,0,0,0,0,0,0,0,0,0,0,0,0,0,0,0,3,0,3,0,2,2,2,2,0,0,0,3,1,0,0,1,0,0,0,0,0
MC1234,2,0,0,0,1,0,0,0,0,0,0,0,0,0,0,0,0,0,0,0,0,0,0,0,0,3,0,3,0,2,2,1,0,0,0,0,2,1,0,0,2,0,0,0,0,0
MC12341,2,0,0,0,1,0,0,0,0,0,0,0,0,0,0,0,0,0,0,0,0,0,0,0,0,3,0,3,0,2,2,1,0,0,0,0,2,1,0,0,2,0,0,0,0,0
MC12342,2,0,0,0,1,0,0,0,0,0,0,0,0,0,0,0,0,0,0,0,0,0,0,0,0,3,0,3,0,2,2,0,1,0,0,0,2,1,0,0,0,0,0,0,0,0
MC124,2,0,0,0,2,0,0,0,0,0,0,0,0,0,0,0,0,0,0,0,0,0,0,0,0,3,0,3,0,2,0,0,0,0,0,0,3,1,0,1,0,0,0,0,0,0
MC1241,2,0,0,0,2,0,0,0,0,0,0,2,0,0,0,0,0,0,0,0,0,0,0,0,0,3,0,3,0,2,0,0,0,0,0,0,3,1,0,1,0,0,0,0,0,0
MC12411,2,0,0,0,2,0,0,0,0,0,0,2,0,0,0,0,0,0,0,0,0,0,0,0,0,3,0,3,0,2,0,1,0,0,0,0,3,1,0,1,0,0,0,0,0,0
MC12412,2,0,0,0,2,0,0,0,0,0,0,2,0,0,0,0,0,0,0,0,0,0,0,0,0,3,0,3,0,2,0,0,0,0,0,0,3,1,0,1,0,0,0,0,0,0
MC1242,2,0,0,0,2,0,0,0,0,0,0,0,0,0,0,0,0,0,0,0,0,0,0,0,0,3,0,3,0,2,0,2,2,0,0,0,2,1,0,1,0,0,0,0,0,0
MC125,2,0,1,0,0,0,0,0,0,0,0,3,0,0,0,0,0,0,0,0,0,0,0,0,3,3,3,3,0,2,2,2,1,0,0,0,2,2,0,0,0,0,0,0,0,0
MC1251,2,0,0,0,0,0,0,0,0,0,0,3,0,0,0,0,0,0,0,0,0,0,0,0,3,3,3,3,0,1,2,2,0,0,0,0,2,2,0,0,0,0,0,0,0,0
MC1252,2,0,1,0,0,0,0,0,0,0,0,3,0,0,0,0,0,0,0,0,0,0,0,0,2,3,0,3,0,2,0,0,1,0,0,0,1,0,0,0,0,0,0,0,0,0
MC1253,2,0,1,0,0,0,0,0,0,0,0,3,0,0,0,0,0,0,0,0,0,0,0,0,3,3,0,3,0,2,0,1,0,0,0,0,2,2,0,0,0,0,0,0,0,0
MC126,3,0,0,0,3,0,0,0,0,0,0,0,0,0,0,0,0,0,0,0,0,0,0,0,0,3,0,3,0,3,0,3,0,0,0,0,0,0,0,2,0,0,0,0,2,0
MC1261,3,0,0,0,3,0,0,0,0,0,0,0,0,0,0,0,0,0,0,0,0,0,0,0,0,3,0,3,0,3,0,3,0,0,0,0,0,0,0,2,0,0,0,0,2,0
MC128,2,1,0,0,0,0,0,0,0,0,0,0,0,0,0,0,2,0,0,0,0,0,0,0,2,3,0,3,0,2,0,2,0,0,0,0,2,0,0,0,0,0,0,0,0,0
MC1281,2,1,0,0,0,0,0,0,0,0,0,0,0,0,0,0,2,0,0,0,0,0,0,0,2,3,0,3,0,2,0,2,0,0,0,0,2,0,0,0,0,0,0,0,0,0
MC12811,2,1,0,0,0,0,0,0,0,0,0,0,0,0,0,0,2,0,0,0,0,0,0,0,2,3,0,3,0,2,0,2,0,0,0,0,2,0,0,0,0,0,0,0,0,0
MC12812,2,1,0,0,0,0,0,0,0,0,0,0,0,0,0,0,2,0,0,0,0,0,0,0,2,3,0,3,0,2,0,2,0,0,0,0,2,0,0,0,0,0,0,0,0,0
MC2,3,2,2,0,2,0,0,0,3,3,3,3,3,0,2,3,3,0,3,2,0,2,0,0,3,3,3,3,0,3,2,3,3,0,0,0,3,3,3,2,3,3,0,0,2,2
MC22,3,2,2,0,2,0,0,0,3,3,3,3,3,0,2,3,3,0,3,2,0,2,0,0,3,3,3,3,0,3,2,3,3,0,0,0,3,3,3,2,3,3,0,0,2,2
MC221,2,1,0,0,0,0,0,0,0,0,0,2,0,0,0,0,2,0,0,0,0,0,0,0,2,3,3,3,0,2,0,2,0,0,0,0,2,0,0,0,0,0,0,0,0,0
MC2211,2,1,0,0,0,0,0,0,0,0,0,2,0,0,0,0,2,0,0,0,0,0,0,0,2,3,3,3,0,2,0,2,0,0,0,0,2,0,0,0,0,0,0,0,0,0
MC222,3,0,2,0,2,0,0,0,0,0,0,3,3,0,0,2,0,0,0,0,0,0,0,0,3,3,0,3,0,3,0,3,3,0,0,0,2,2,0,2,3,0,0,0,0,0
MC2221,3,0,2,0,2,0,0,0,0,0,0,3,3,0,0,2,0,0,0,0,0,0,0,0,3,3,0,3,0,3,0,3,3,0,0,0,2,2,0,2,3,0,0,0,0,0
MC223,3,2,0,0,0,0,0,0,3,3,3,3,3,0,2,3,3,0,3,2,0,2,0,0,3,3,3,3,0,3,2,3,3,0,0,0,3,3,3,0,0,3,0,0,2,2
MC2231,3,2,0,0,0,0,0,0,0,0,0,3,3,0,0,3,3,0,0,0,0,0,0,0,3,3,3,3,0,3,0,3,3,0,0,0,3,2,3,0,0,3,0,0,0,0
MC2232,3,0,0,0,0,0,0,0,0,0,0,3,3,0,0,3,3,0,0,0,0,0,0,0,3,3,3,3,0,3,0,3,3,0,0,0,3,3,3,0,0,3,0,0,0,0
MC2233,3,0,0,0,0,0,0,0,0,0,0,3,3,0,0,3,3,0,0,0,0,0,0,0,3,3,3,3,0,3,0,3,3,0,0,0,3,3,3,0,0,3,0,0,0,0
MC2234,3,0,0,0,0,0,0,0,3,3,3,3,3,0,0,3,3,0,3,2,0,2,0,0,3,3,3,3,0,3,0,3,3,0,0,0,3,3,3,0,0,3,0,0,0,0
MC2235,2,1,0,0,0,0,0,0,0,0,0,3,3,0,2,0,3,0,0,0,0,0,0,0,2,3,0,3,0,2,2,0,0,0,0,0,2,2,3,0,0,3,0,0,2,2
MC3,1,0,2,0,2,0,0,0,2,2,2,2,0,1,0,0,3,0,2,2,0,2,2,2,2,3,3,3,0,2,0,2,2,2,0,0,2,1,0,1,1,0,0,0,0,0
MC32,1,0,2,0,2,0,0,0,2,2,2,2,0,1,0,0,3,0,2,2,0,2,2,2,2,3,3,3,0,2,0,2,2,2,0,0,2,1,0,1,1,0,0,0,0,0
MC321,1,0,2,0,2,0,0,0,2,2,2,2,0,1,0,0,3,0,2,2,0,2,2,2,2,3,3,3,0,2,0,2,2,2,0,0,2,1,0,1,1,0,0,0,0,0
MC3211,1,0,0,0,0,0,0,0,2,2,2,2,0,0,0,0,0,0,1,1,0,2,2,0,1,3,3,3,0,1,0,0,1,2,0,0,1,0,0,0,1,0,0,0,0,0
MC3212,1,0,1,0,1,0,0,0,2,2,2,2,0,0,0,0,3,0,2,2,0,2,2,0,1,3,3,3,0,1,0,2,2,0,0,0,2,1,0,1,1,0,0,0,0,0
MC3213,1,0,0,0,1,0,0,0,0,0,0,2,0,0,0,0,3,0,0,0,0,0,0,0,1,3,3,3,0,1,0,1,2,0,0,0,0,0,0,1,0,0,0,0,0,0
MC3214,0,0,2,0,2,0,0,0,0,0,0,2,0,0,0,0,3,0,0,0,0,0,0,2,2,3,3,3,0,2,0,2,2,0,0,0,0,0,0,0,0,0,0,0,0,0
MC3215,1,0,0,0,1,0,0,0,0,0,0,2,0,1,0,0,3,0,0,0,0,0,0,0,2,3,3,3,0,1,0,2,2,0,0,0,1,1,0,1,0,0,0,0,0,0
MC4,3,0,0,0,1,0,0,0,3,2,2,3,0,0,0,0,3,0,2,2,0,3,3,2,3,3,3,3,0,2,2,3,3,0,0,0,3,3,0,1,1,0,0,0,0,0
MC42,3,0,0,0,1,0,0,0,3,2,2,3,0,0,0,0,3,0,2,2,0,3,3,2,3,3,3,3,0,2,2,3,3,0,0,0,3,3,0,1,1,0,0,0,0,0
MC421,3,0,0,0,1,0,0,0,3,2,2,3,0,0,0,0,3,0,2,2,0,3,3,2,3,3,3,3,0,2,2,3,3,0,0,0,3,3,0,1,1,0,0,0,0,0
MC4211,2,0,0,0,1,0,0,0,2,2,2,3,0,0,0,0,3,0,2,2,0,2,2,2,2,3,3,3,0,2,0,0,0,0,0,0,2,2,0,0,0,0,0,0,0,0
MC42111,2,0,0,0,1,0,0,0,0,0,0,3,0,0,0,0,3,0,0,0,0,0,0,2,2,3,3,3,0,2,0,0,0,0,0,0,2,2,0,0,0,0,0,0,0,0
MC4212,3,0,0,0,0,0,0,0,0,0,0,3,0,0,0,0,3,0,0,0,0,0,0,0,3,3,0,3,0,2,0,3,3,0,0,0,3,3,0,0,0,0,0,0,0,0
MC4213,1,0,0,0,0,0,0,0,0,0,0,2,0,0,0,0,3,0,0,0,0,0,0,0,1,3,3,3,0,1,0,1,1,0,0,0,1,0,0,1,1,0,0,0,0,0
MC4214,2,0,0,0,1,0,0,0,3,2,2,2,0,0,0,0,2,0,2,1,0,2,0,0,2,3,3,3,0,2,2,1,0,0,0,0,1,0,0,0,0,0,0,0,0,0
MC4215,2,0,0,0,1,0,0,0,0,0,0,2,0,0,0,0,2,0,0,0,0,3,3,0,2,3,0,3,0,2,0,2,2,0,0,0,2,2,0,0,0,0,0,0,0,0
MC5,2,0,1,0,2,0,0,0,2,2,2,2,0,0,1,0,3,0,2,2,0,2,2,2,2,3,3,3,0,2,2,2,2,0,0,0,2,1,0,2,1,0,0,0,0,0
MC52,2,0,1,0,2,0,0,0,2,2,2,2,0,0,1,0,3,0,2,2,0,2,2,2,2,3,3,3,0,2,2,2,2,0,0,0,2,1,0,2,1,0,0,0,0,0
MC521,2,0,1,0,2,0,0,0,2,2,2,2,0,0,1,0,3,0,2,2,0,2,2,2,2,3,3,3,0,2,2,2,2,0,0,0,2,1,0,2,1,0,0,0,0,0
MC5211,1,0,1,0,1,0,0,0,2,2,2,2,0,0,1,0,3,0,2,2,0,2,2,0,1,3,3,3,0,1,2,2,2,0,0,0,2,1,0,1,1,0,0,0,0,0
MC5212,1,0,1,0,1,0,0,0,0,0,0,2,0,0,1,0,3,0,0,0,0,0,0,0,1,3,3,3,0,1,2,2,2,0,0,0,2,1,0,1,1,0,0,0,0,0
MC5214,1,0,1,0,1,0,0,0,0,0,0,2,0,0,1,0,2,0,0,0,0,0,0,0,1,3,3,3,0,1,2,2,2,0,0,0,2,1,0,1,1,0,0,0,0,0
MC5215,2,0,0,0,2,0,0,0,0,0,0,2,0,0,0,0,0,0,0,0,0,0,0,2,2,3,3,3,0,2,0,1,2,0,0,0,2,1,0,2,0,0,0,0,0,0
MC6,2,0,2,0,3,0,0,0,2,2,2,3,3,0,2,3,3,0,2,2,0,2,2,2,3,3,3,3,0,2,0,3,3,0,0,0,2,2,3,2,2,3,0,0,3,0
MC62,2,0,2,0,3,0,0,0,2,2,2,3,3,0,2,3,3,0,2,2,0,2,2,2,3,3,3,3,0,2,0,3,3,0,0,0,2,2,3,2,2,3,0,0,3,0
MC621,2,0,2,0,3,0,0,0,2,2,2,3,3,0,2,3,3,0,2,2,0,2,2,2,3,3,3,3,0,2,0,3,3,0,0,0,2,2,3,2,2,3,0,0,3,0
MC6211,2,0,0,0,0,0,0,0,0,0,0,2,0,0,0,0,0,0,0,0,0,0,0,2,2,3,3,3,0,2,0,2,2,0,0,0,2,0,0,2,0,0,0,0,0,0
MC6212,2,0,0,0,1,0,0,0,0,0,0,2,0,0,0,0,2,0,0,0,0,0,0,2,2,3,3,3,0,2,0,2,2,0,0,0,2,0,0,2,1,0,0,0,0,0
MC6213,2,0,0,0,0,0,0,0,0,0,0,2,0,0,0,0,0,0,0,0,0,0,0,2,2,3,3,3,0,2,0,2,2,0,0,0,2,0,0,2,0,0,0,0,0,0
MC6214,2,0,2,0,3,0,0,0,2,2,2,3,0,0,1,0,3,0,2,2,0,2,2,2,3,3,3,3,0,2,0,3,2,0,0,0,2,2,0,1,0,0,0,0,3,0
MC62141,2,0,2,0,3,0,0,0,2,2,2,3,0,0,1,0,3,0,2,2,0,2,2,2,3,3,3,3,0,2,0,3,2,0,0,0,2,2,0,1,0,0,0,0,3,0
MC6215,1,0,0,0,1,0,0,0,0,0,0,2,0,0,0,0,2,0,0,0,0,0,0,2,1,3,3,3,0,1,0,1,1,0,0,0,1,0,0,1,1,0,0,0,0,0
MC6216,2,0,0,0,2,0,0,0,2,2,2,3,3,0,0,3,0,0,2,2,0,0,0,2,3,3,3,3,0,2,0,3,3,0,0,0,0,0,3,2,2,3,0,0,3,0
MC62161,3,0,0,0,2,0,0,0,0,0,0,3,3,0,0,3,0,0,0,0,0,0,0,2,3,3,3,3,0,3,0,3,3,0,0,0,0,0,3,2,2,3,0,0,3,0
MC6217,2,0,0,0,2,0,0,0,0,0,0,3,0,0,2,0,0,0,0,0,0,0,0,2,3,3,3,3,0,0,0,3,3,0,0,0,0,0,0,0,0,0,0,0,2,0
MC6218,2,0,0,0,2,0,0,0,0,0,0,2,0,0,0,0,0,0,0,0,0,0,0,2,2,3,3,3,0,2,0,2,2,0,0,0,1,0,0,0,0,0,0,0,0,0
MD1,3,0,0,0,3,0,0,0,0,0,0,3,0,0,0,0,0,0,0,0,0,0,0,0,0,3,0,3,0,3,3,3,0,0,0,0,3,2,0,2,2,0,0,0,0,0
MD12,3,0,0,0,3,0,0,0,0,0,0,3,0,0,0,0,0,0,0,0,0,0,0,0,0,3,0,3,0,3,3,3,0,0,0,0,3,2,0,2,2,0,0,0,0,0
MD121,3,0,0,0,3,0,0,0,0,0,0,3,0,0,0,0,0,0,0,0,0,0,0,0,0,3,0,3,0,3,3,3,0,0,0,0,3,2,0,2,2,0,0,0,0,0
MD1211,3,0,0,0,3,0,0,0,0,0,0,3,0,0,0,0,0,0,0,0,0,0,0,0,0,3,0,3,0,3,3,3,0,0,0,0,3,2,0,2,2,0,0,0,0,0
MD3,1,0,0,0,1,0,0,0,0,0,0,2,0,0,0,0,3,0,0,0,0,0,0,0,1,3,3,3,0,1,0,2,2,0,0,0,2,1,0,1,1,0,0,0,0,0
MD32,1,0,0,0,1,0,0,0,0,0,0,2,0,0,0,0,3,0,0,0,0,0,0,0,1,3,3,3,0,1,0,2,2,0,0,0,2,1,0,1,1,0,0,0,0,0
MD321,1,0,0,0,1,0,0,0,0,0,0,2,0,0,0,0,3,0,0,0,0,0,0,0,1,3,3,3,0,1,0,2,2,0,0,0,2,1,0,1,1,0,0,0,0,0
MD3211,1,0,0,0,1,0,0,0,0,0,0,2,0,0,0,0,3,0,0,0,0,0,0,0,1,3,3,3,0,1,0,2,2,0,0,0,2,1,0,1,1,0,0,0,0,0
MD3212,1,0,0,0,1,0,0,0,0,0,0,2,0,0,0,0,2,0,0,0,0,0,0,0,1,3,3,3,0,1,0,1,2,0,0,0,0,0,0,1,0,0,0,0,0,0
MD4,1,0,1,0,1,0,0,0,0,0,0,2,0,0,0,0,3,0,0,0,0,0,0,0,1,3,3,3,0,1,0,2,2,0,0,0,2,1,0,1,1,0,0,0,0,0
MD42,1,0,1,0,1,0,0,0,0,0,0,2,0,0,0,0,3,0,0,0,0,0,0,0,1,3,3,3,0,1,0,2,2,0,0,0,2,1,0,1,1,0,0,0,0,0
MD421,1,0,1,0,1,0,0,0,0,0,0,2,0,0,0,0,3,0,0,0,0,0,0,0,1,3,3,3,0,1,0,2,2,0,0,0,2,1,0,1,1,0,0,0,0,0
MD4211,1,0,1,0,1,0,0,0,0,0,0,2,0,0,0,0,3,0,0,0,0,0,0,0,1,3,3,3,0,1,0,2,2,0,0,0,2,1,0,1,1,0,0,0,0,0
MD5,2,0,0,0,2,0,0,0,0,0,0,2,0,0,0,0,0,0,0,0,0,0,0,2,2,3,3,3,0,2,0,2,2,0,0,0,2,1,0,2,0,0,0,0,0,0
MD52,2,0,0,0,2,0,0,0,0,0,0,2,0,0,0,0,0,0,0,0,0,0,0,2,2,3,3,3,0,2,0,2,2,0,0,0,2,1,0,2,0,0,0,0,0,0
MD521,2,0,0,0,2,0,0,0,0,0,0,2,0,0,0,0,0,0,0,0,0,0,0,2,2,3,3,3,0,2,0,2,2,0,0,0,2,1,0,2,0,0,0,0,0,0
MD5211,2,0,0,0,1,0,0,0,0,0,0,2,0,0,0,0,0,0,0,0,0,0,0,2,2,3,3,3,0,1,0,2,2,0,0,0,2,0,0,1,0,0,0,0,0,0
MD5212,2,0,0,0,2,0,0,0,0,0,0,2,0,0,0,0,0,0,0,0,0,0,0,2,2,3,3,3,0,2,0,1,2,0,0,0,2,1,0,2,0,0,0,0,0,0
MD6,2,0,1,0,1,0,0,0,0,0,0,3,0,0,1,0,2,0,0,0,0,0,0,2,2,3,3,3,0,2,0,2,2,0,0,0,3,2,0,2,2,0,0,0,1,0
MD62,2,0,1,0,1,0,0,0,0,0,0,3,0,0,1,0,2,0,0,0,0,0,0,2,2,3,3,3,0,2,0,2,2,0,0,0,3,2,0,2,2,0,0,0,1,0
MD621,2,0,1,0,1,0,0,0,0,0,0,3,0,0,1,0,2,0,0,0,0,0,0,2,2,3,3,3,0,2,0,2,2,0,0,0,3,2,0,2,2,0,0,0,1,0
MD6213,2,0,0,0,0,0,0,0,0,0,0,2,0,0,0,0,0,0,0,0,0,0,0,1,2,3,3,3,0,2,0,1,1,0,0,0,1,1,0,0,1,0,0,0,0,0
MD6214,1,0,0,0,1,0,0,0,0,0,0,2,0,0,0,0,0,0,0,0,0,0,0,1,1,3,3,3,0,1,0,2,0,0,0,0,2,2,0,0,0,0,0,0,1,0
MD6215,1,0,0,0,1,0,0,0,0,0,0,3,0,0,1,0,2,0,0,0,0,0,0,0,2,3,3,3,0,2,0,1,0,0,0,0,3,1,0,0,2,0,0,0,0,0
MD6216,1,0,1,0,1,0,0,0,0,0,0,2,0,0,0,0,0,0,0,0,0,0,0,0,1,3,3,3,0,1,0,0,1,0,0,0,1,1,0,1,1,0,0,0,1,0
MD62161,1,0,1,0,1,0,0,0,0,0,0,2,0,0,0,0,0,0,0,0,0,0,0,0,1,3,3,3,0,1,0,0,1,0,0,0,1,1,0,1,1,0,0,0,1,0
MD6217,2,0,0,0,0,0,0,0,0,0,0,2,0,0,0,0,0,0,0,0,0,0,0,2,2,3,3,3,0,2,0,2,2,0,0,0,2,0,0,2,0,0,0,0,0,0
MD6218,2,0,0,0,0,0,0,0,0,0,0,2,0,0,0,0,0,0,0,0,0,0,0,2,2,3,3,3,0,2,0,2,2,0,0,0,2,0,0,2,0,0,0,0,0,0
MD6219,2,0,0,0,0,0,0,0,0,0,0,2,0,0,0,0,0,0,0,0,0,0,0,2,2,3,3,3,0,2,0,2,2,0,0,0,2,0,0,2,0,0,0,0,0,0
ME1,3,0,2,0,2,0,0,0,0,0,0,3,3,0,0,2,0,0,0,0,0,3,2,0,3,3,3,3,0,3,0,3,3,0,0,0,2,2,0,2,3,2,0,0,0,0
ME11,2,0,0,0,2,0,0,0,0,0,0,2,2,0,2,0,0,0,0,0,0,0,0,0,2,3,3,3,0,2,0,2,2,0,0,0,2,2,2,2,2,2,0,0,0,0
ME111,2,0,0,0,2,0,0,0,0,0,0,2,2,0,2,0,0,0,0,0,0,0,0,0,2,3,3,3,0,2,0,2,2,0,0,0,0,0,2,2,2,2,0,0,0,0
ME1111,2,0,0,0,2,0,0,0,0,0,0,2,2,0,2,0,0,0,0,0,0,0,0,0,2,3,3,3,0,2,0,2,2,0,0,0,0,0,2,2,2,2,0,0,0,0
ME112,2,0,0,0,0,0,0,0,0,0,0,2,0,0,0,0,0,0,0,0,0,0,0,0,2,3,3,3,0,2,0,2,2,0,0,0,2,2,0,0,2,0,0,0,0,0
ME1121,2,0,0,0,0,0,0,0,0,0,0,2,0,0,0,0,0,0,0,0,0,0,0,0,2,3,3,3,0,2,0,2,2,0,0,0,2,2,0,0,2,0,0,0,0,0
ME12,3,0,2,0,2,0,0,0,0,0,0,3,3,0,0,2,0,0,0,0,0,3,2,0,3,3,3,3,0,3,0,3,3,0,0,0,2,2,0,2,3,2,0,0,0,0
ME121,2,0,2,0,2,0,0,0,0,0,0,2,2,0,0,0,0,0,0,0,0,0,0,0,2,3,3,3,0,2,0,3,3,0,0,0,0,0,0,2,2,2,0,0,0,0
ME1213,2,0,2,0,2,0,0,0,0,0,0,2,2,0,0,0,0,0,0,0,0,0,0,0,2,3,3,3,0,2,0,3,3,0,0,0,0,0,0,2,2,2,0,0,0,0
ME1214,2,0,2,0,2,0,0,0,0,0,0,2,2,0,0,0,0,0,0,0,0,0,0,0,2,3,3,3,0,2,0,3,3,0,0,0,0,0,0,2,2,2,0,0,0,0
ME122,3,0,3,0,2,0,0,0,0,0,0,3,0,0,0,0,0,0,0,0,0,0,0,0,3,3,3,3,0,3,0,3,3,0,0,0,3,2,0,2,2,0,0,0,0,0
ME1221,3,0,0,0,2,0,0,0,0,0,0,3,0,0,0,0,0,0,0,0,0,0,0,0,3,3,3,3,0,3,0,3,3,0,0,0,3,2,0,2,2,0,0,0,0,0
ME1222,3,0,3,0,0,0,0,0,0,0,0,3,0,0,0,0,0,0,0,0,0,0,0,0,3,3,3,3,0,3,0,3,3,0,0,0,3,2,0,2,2,0,0,0,0,0
ME123,3,0,2,0,2,0,0,0,0,0,0,3,3,0,0,2,0,0,0,0,0,2,0,0,3,3,0,3,0,3,0,3,3,0,0,0,2,2,0,2,3,0,0,0,0,0
ME1231,3,0,2,0,2,0,0,0,0,0,0,3,3,0,0,2,0,0,0,0,0,2,0,0,3,3,0,3,0,3,0,3,3,0,0,0,2,2,0,2,3,0,0,0,0,0
ME2,3,0,2,0,0,0,0,0,2,2,2,3,3,0,0,3,0,3,0,0,0,2,0,0,3,3,0,3,0,3,0,3,3,0,0,0,3,0,3,2,2,3,0,0,2,0
ME22,3,0,2,0,0,0,0,0,2,2,2,3,3,0,0,3,0,3,0,0,0,2,0,0,3,3,0,3,0,3,0,3,3,0,0,0,3,0,3,2,2,3,0,0,2,0
ME221,3,0,2,0,2,0,0,0,2,2,2,3,3,0,0,3,0,3,0,0,0,3,0,0,3,3,0,3,0,3,0,3,3,0,0,0,3,2,3,2,3,3,0,0,2,0
ME2211,3,0,2,0,2,0,0,0,0,0,0,3,3,0,0,2,0,0,0,0,0,3,0,0,3,3,0,3,0,3,0,3,3,0,0,0,2,2,0,2,3,0,0,0,0,0
ME2212,3,0,2,0,0,0,0,0,2,2,2,3,3,0,0,3,0,3,0,0,0,2,0,0,3,3,0,3,0,3,0,3,3,0,0,0,3,0,3,2,2,3,0,0,2,0
ME3,3,0,2,0,2,0,0,0,0,0,0,3,3,0,0,2,0,2,0,0,0,3,2,0,3,3,3,3,0,3,0,3,3,0,0,0,3,2,1,2,3,0,0,0,0,0
ME32,3,0,2,0,2,0,0,0,0,0,0,3,3,0,0,2,0,2,0,0,0,3,2,0,3,3,3,3,0,3,0,3,3,0,0,0,3,2,1,2,3,0,0,0,0,0
ME321,3,0,0,0,2,0,0,0,0,0,0,3,1,0,0,0,0,2,0,0,0,2,0,0,3,3,3,3,0,3,0,2,2,0,0,0,3,0,1,2,2,0,0,0,0,0
ME3211,2,0,0,0,0,0,0,0,0,0,0,2,0,0,0,0,0,2,0,0,0,0,0,0,2,3,3,3,0,2,0,0,0,0,0,0,2,0,0,2,2,0,0,0,0,0
ME3212,2,0,0,0,2,0,0,0,0,0,0,2,0,0,0,0,0,0,0,0,0,0,0,0,2,3,3,3,0,2,0,2,2,0,0,0,2,0,0,2,0,0,0,0,0,0
ME3214,3,0,0,0,1,0,0,0,0,0,0,3,1,0,0,0,0,0,0,0,0,2,0,0,3,3,3,3,0,3,0,0,0,0,0,0,3,0,1,0,0,0,0,0,0,0
ME322,3,0,2,0,2,0,0,0,0,0,0,3,3,0,0,2,0,0,0,0,0,2,0,0,3,3,3,3,0,3,0,3,3,0,0,0,2,2,0,2,3,0,0,0,0,0
ME3221,3,0,2,0,2,0,0,0,0,0,0,3,3,0,0,2,0,0,0,0,0,2,0,0,3,3,3,3,0,3,0,3,3,0,0,0,2,2,0,2,3,0,0,0,0,0
ME323,2,0,1,0,0,0,0,0,0,0,0,2,0,0,0,0,0,0,0,0,0,0,0,0,2,3,0,3,0,1,0,0,0,0,0,0,1,1,0,1,1,0,0,0,0,0
ME3231,2,0,1,0,0,0,0,0,0,0,0,2,0,0,0,0,0,0,0,0,0,0,0,0,2,3,0,3,0,1,0,0,0,0,0,0,1,1,0,1,1,0,0,0,0,0
ME324,3,0,2,0,0,0,0,0,0,0,0,3,0,0,0,0,0,0,0,0,0,0,0,0,3,3,3,3,0,3,0,2,2,0,0,0,3,2,0,0,2,0,0,0,0,0
ME3241,3,0,2,0,0,0,0,0,0,0,0,3,0,0,0,0,0,0,0,0,0,0,0,0,3,3,3,3,0,3,0,2,2,0,0,0,3,2,0,0,2,0,0,0,0,0
ME4,3,0,2,0,0,0,0,0,0,0,0,3,0,0,0,0,0,0,0,0,0,0,0,0,3,3,3,3,0,3,0,2,2,0,0,0,3,2,0,1,2,0,0,0,0,0
ME42,3,0,2,0,0,0,0,0,0,0,0,3,0,0,0,0,0,0,0,0,0,0,0,0,3,3,3,3,0,3,0,2,2,0,0,0,3,2,0,1,2,0,0,0,0,0
ME421,2,0,1,0,0,0,0,0,0,0,0,2,0,0,0,0,0,0,0,0,0,0,0,0,2,3,0,3,0,1,0,0,0,0,0,0,1,1,0,1,1,0,0,0,0,0
ME4211,2,0,1,0,0,0,0,0,0,0,0,2,0,0,0,0,0,0,0,0,0,0,0,0,2,3,0,3,0,1,0,0,0,0,0,0,1,1,0,1,1,0,0,0,0,0
ME422,3,0,2,0,0,0,0,0,0,0,0,3,0,0,0,0,0,0,0,0,0,0,0,0,3,3,3,3,0,3,0,2,2,0,0,0,3,2,0,0,2,0,0,0,0,0
ME4221,3,0,2,0,0,0,0,0,0,0,0,3,0,0,0,0,0,0,0,0,0,0,0,0,3,3,3,3,0,3,0,2,2,0,0,0,3,2,0,0,2,0,0,0,0,0
ME5,3,0,0,0,3,0,0,0,0,0,0,3,3,0,0,0,0,0,0,0,0,0,0,0,3,3,3,3,0,3,0,3,3,0,0,0,2,0,0,2,2,3,0,0,0,0
ME52,3,0,0,0,3,0,0,0,0,0,0,3,3,0,0,0,0,0,0,0,0,0,0,0,3,3,3,3,0,3,0,3,3,0,0,0,2,0,0,2,2,3,0,0,0,0
ME521,3,0,0,0,3,0,0,0,0,0,0,3,3,0,0,0,0,2,0,0,0,0,0,0,3,3,3,3,0,3,0,3,3,0,0,0,2,0,0,2,2,3,0,0,0,0
ME5211,2,0,0,0,0,0,0,0,0,0,0,2,0,0,0,0,0,2,0,0,0,0,0,0,2,3,3,3,0,2,0,0,0,0,0,0,2,0,0,2,2,0,0,0,0,0
ME5213,3,0,0,0,3,0,0,0,0,0,0,3,3,0,0,0,0,0,0,0,0,0,0,0,3,3,3,3,0,3,0,3,3,0,0,0,2,0,0,2,2,3,0,0,0,0
ME6,2,0,0,0,0,0,0,0,2,2,2,3,0,0,0,0,0,0,0,0,0,2,2,0,3,3,3,3,0,2,0,0,0,0,0,0,3,0,0,0,0,0,0,0,2,0
ME62,2,0,0,0,0,0,0,0,2,2,2,3,0,0,0,0,0,0,0,0,0,2,2,0,3,3,3,3,0,2,0,0,0,0,0,0,3,0,0,0,0,0,0,0,2,0
ME621,3,0,0,0,3,0,0,0,0,0,0,3,3,0,0,0,0,0,0,0,0,0,0,0,3,3,3,3,0,3,0,3,3,0,0,0,2,0,0,2,2,3,0,0,0,0
ME6212,3,0,0,0,3,0,0,0,0,0,0,3,3,0,0,0,0,0,0,0,0,0,0,0,3,3,3,3,0,3,0,3,3,0,0,0,2,0,0,2,2,3,0,0,0,0
ME622,2,0,0,0,0,0,0,0,0,0,0,3,0,0,0,0,0,0,0,0,0,0,0,0,3,3,3,3,0,2,0,0,0,0,0,0,3,0,0,0,0,0,0,0,2,0
ME6221,2,0,0,0,0,0,0,0,0,0,0,3,0,0,0,0,0,0,0,0,0,0,0,0,3,3,3,3,0,2,0,0,0,0,0,0,3,0,0,0,0,0,0,0,2,0
ME623,3,0,2,0,0,0,0,0,0,0,0,3,0,0,0,0,0,0,0,0,0,0,0,0,3,3,3,3,0,3,0,2,2,0,0,0,3,2,0,2,2,0,0,0,3,0
ME6231,3,0,2,0,0,0,0,0,0,0,0,3,0,0,0,0,0,0,0,0,0,0,0,0,3,3,3,3,0,3,0,2,2,0,0,0,3,2,0,2,2,0,0,0,3,0
ME624,3,0,0,0,0,0,0,0,0,0,0,3,0,0,0,0,0,0,0,0,0,0,0,0,3,3,3,3,0,3,0,3,3,0,0,0,3,3,0,2,2,0,0,0,2,0
ME6241,3,0,0,0,0,0,0,0,0,0,0,3,0,0,0,0,0,0,0,0,0,0,0,0,3,3,3,3,0,3,0,3,3,0,0,0,3,3,0,2,2,0,0,0,2,0
ME625,2,0,1,0,0,0,0,0,0,0,0,2,0,0,0,0,0,0,0,0,0,0,0,0,2,3,0,3,0,1,0,0,0,0,0,0,1,1,0,1,1,0,0,0,0,0
ME6251,2,0,1,0,0,0,0,0,0,0,0,2,0,0,0,0,0,0,0,0,0,0,0,0,2,3,0,3,0,1,0,0,0,0,0,0,1,1,0,1,1,0,0,0,0,0
MF1,3,0,3,0,3,0,0,0,0,0,0,3,0,0,0,0,0,0,0,0,0,0,0,0,3,3,0,3,0,3,0,3,3,0,0,0,3,2,0,2,2,0,0,0,0,0
MF12,3,0,3,0,3,0,0,0,0,0,0,3,0,0,0,0,0,0,0,0,0,0,0,0,3,3,0,3,0,3,0,3,3,0,0,0,3,2,0,2,2,0,0,0,0,0
MF121,3,0,3,0,3,0,0,0,0,0,0,3,0,0,0,0,0,0,0,0,0,0,0,0,3,3,0,3,0,3,0,3,3,0,0,0,3,2,0,2,2,0,0,0,0,0
MF1211,3,0,3,0,3,0,0,0,0,0,0,3,0,0,0,0,0,0,0,0,0,0,0,0,3,3,0,3,0,3,0,3,3,0,0,0,3,2,0,2,2,0,0,0,0,0
MF2,3,0,3,0,3,0,0,0,0,0,0,3,3,0,0,3,0,3,0,0,0,2,0,0,3,3,0,3,0,3,0,3,3,0,0,0,3,2,3,2,2,3,0,0,2,0
MF22,3,0,3,0,3,0,0,0,0,0,0,3,3,0,0,3,0,3,0,0,0,2,0,0,3,3,0,3,0,3,0,3,3,0,0,0,3,2,3,2,2,3,0,0,2,0
MF221,3,0,3,0,3,0,0,0,0,0,0,3,3,0,0,3,0,3,0,0,0,2,0,0,3,3,0,3,0,3,0,3,3,0,0,0,3,2,3,2,2,3,0,0,2,0
MF2211,3,0,3,0,3,0,0,0,0,0,0,3,0,0,0,0,0,0,0,0,0,0,0,0,3,3,0,3,0,3,0,3,3,0,0,0,3,2,0,2,2,0,0,0,0,0
MF2212,3,0,2,0,0,0,0,0,0,0,0,3,3,0,0,3,0,3,0,0,0,2,0,0,3,3,0,3,0,3,0,3,3,0,0,0,3,0,3,2,2,3,0,0,2,0
MF3,3,0,3,0,3,0,0,0,0,0,0,3,0,0,0,0,0,0,0,0,0,0,0,0,3,3,0,3,0,3,0,3,3,0,0,0,3,2,0,2,2,0,0,0,0,0
MF32,3,0,3,0,3,0,0,0,0,0,0,3,0,0,0,0,0,0,0,0,0,0,0,0,3,3,0,3,0,3,0,3,3,0,0,0,3,2,0,2,2,0,0,0,0,0
MF321,3,0,3,0,3,0,0,0,0,0,0,3,0,0,0,0,0,0,0,0,0,0,0,0,3,3,0,3,0,3,0,3,3,0,0,0,3,2,0,2,2,0,0,0,0,0
MF3211,3,0,3,0,3,0,0,0,0,0,0,3,0,0,0,0,0,0,0,0,0,0,0,0,3,3,0,3,0,3,0,3,3,0,0,0,3,2,0,2,2,0,0,0,0,0
MF323,2,0,1,0,0,0,0,0,0,0,0,2,0,0,0,0,0,0,0,0,0,0,0,0,2,3,0,3,0,1,0,0,0,0,0,0,1,1,0,1,1,0,0,0,0,0
MF3231,2,0,1,0,0,0,0,0,0,0,0,2,0,0,0,0,0,0,0,0,0,0,0,0,2,3,0,3,0,1,0,0,0,0,0,0,1,1,0,1,1,0,0,0,0,0
MF4,2,0,1,0,0,0,0,0,0,0,0,2,0,0,0,0,0,0,0,0,0,0,0,0,2,3,0,3,0,1,0,0,0,0,0,0,1,1,0,1,1,0,0,0,0,0
MF42,2,0,1,0,0,0,0,0,0,0,0,2,0,0,0,0,0,0,0,0,0,0,0,0,2,3,0,3,0,1,0,0,0,0,0,0,1,1,0,1,1,0,0,0,0,0
MF422,2,0,1,0,0,0,0,0,0,0,0,2,0,0,0,0,0,0,0,0,0,0,0,0,2,3,0,3,0,1,0,0,0,0,0,0,1,1,0,1,1,0,0,0,0,0
MF4221,2,0,1,0,0,0,0,0,0,0,0,2,0,0,0,0,0,0,0,0,0,0,0,0,2,3,0,3,0,1,0,0,0,0,0,0,1,1,0,1,1,0,0,0,0,0
MF5,3,0,0,0,3,0,0,0,0,0,0,3,3,0,0,0,0,0,0,0,0,0,0,0,3,3,3,3,0,3,0,3,3,0,0,0,2,0,0,2,2,3,0,0,0,0
MF52,3,0,0,0,3,0,0,0,0,0,0,3,3,0,0,0,0,0,0,0,0,0,0,0,3,3,3,3,0,3,0,3,3,0,0,0,2,0,0,2,2,3,0,0,0,0
MF521,3,0,0,0,3,0,0,0,0,0,0,3,3,0,0,0,0,0,0,0,0,0,0,0,3,3,3,3,0,3,0,3,3,0,0,0,2,0,0,2,2,3,0,0,0,0
MF5211,3,0,0,0,3,0,0,0,0,0,0,3,3,0,0,0,0,0,0,0,0,0,0,0,3,3,3,3,0,3,0,3,3,0,0,0,2,0,0,2,2,3,0,0,0,0
MF6,3,0,2,0,3,0,0,0,0,0,0,3,3,0,0,0,0,0,0,0,0,0,0,0,3,3,3,3,0,3,0,3,3,0,0,0,3,3,0,2,2,3,0,0,3,0
MF62,3,0,2,0,3,0,0,0,0,0,0,3,3,0,0,0,0,0,0,0,0,0,0,0,3,3,3,3,0,3,0,3,3,0,0,0,3,3,0,2,2,3,0,0,3,0
MF621,3,0,0,0,3,0,0,0,0,0,0,3,3,0,0,0,0,0,0,0,0,0,0,0,3,3,3,3,0,3,0,3,3,0,0,0,2,0,0,2,2,3,0,0,0,0
MF6211,3,0,0,0,3,0,0,0,0,0,0,3,3,0,0,0,0,0,0,0,0,0,0,0,3,3,3,3,0,3,0,3,3,0,0,0,2,0,0,2,2,3,0,0,0,0
MF6212,3,0,0,0,3,0,0,0,0,0,0,3,3,0,0,0,0,0,0,0,0,0,0,0,3,3,3,3,0,3,0,3,3,0,0,0,2,0,0,2,2,3,0,0,0,0
MF622,3,0,2,0,0,0,0,0,0,0,0,3,0,0,0,0,0,0,0,0,0,0,0,0,3,3,3,3,0,3,0,2,2,0,0,0,3,2,0,2,2,0,0,0,3,0
MF6221,3,0,2,0,0,0,0,0,0,0,0,3,0,0,0,0,0,0,0,0,0,0,0,0,3,3,3,3,0,3,0,2,2,0,0,0,3,2,0,2,2,0,0,0,3,0
MF623,3,0,0,0,0,0,0,0,0,0,0,3,0,0,0,0,0,0,0,0,0,0,0,0,3,3,3,3,0,3,0,3,3,0,0,0,3,3,0,2,2,0,0,0,2,0
MF6231,3,0,0,0,0,0,0,0,0,0,0,3,0,0,0,0,0,0,0,0,0,0,0,0,3,3,3,3,0,3,0,3,3,0,0,0,3,3,0,2,2,0,0,0,2,0
MF624,2,0,1,0,0,0,0,0,0,0,0,2,0,0,0,0,0,0,0,0,0,0,0,0,2,3,0,3,0,1,0,0,0,0,0,0,1,1,0,1,1,0,0,0,0,0
MF6241,2,0,1,0,0,0,0,0,0,0,0,2,0,0,0,0,0,0,0,0,0,0,0,0,2,3,0,3,0,1,0,0,0,0,0,0,1,1,0,1,1,0,0,0,0,0
MG6,3,0,0,0,3,0,0,0,0,0,0,3,3,0,0,0,0,0,0,0,0,0,0,0,3,3,3,3,0,3,0,3,3,0,0,0,2,0,0,2,2,3,0,0,0,0
MG62,3,0,0,0,3,0,0,0,0,0,0,3,3,0,0,0,0,0,0,0,0,0,0,0,3,3,3,3,0,3,0,3,3,0,0,0,2,0,0,2,2,3,0,0,0,0
MG621,3,0,0,0,3,0,0,0,0,0,0,3,3,0,0,0,0,0,0,0,0,0,0,0,3,3,3,3,0,3,0,3,3,0,0,0,2,0,0,2,2,3,0,0,0,0
MG6213,3,0,0,0,3,0,0,0,0,0,0,3,3,0,0,0,0,0,0,0,0,0,0,0,3,3,3,3,0,3,0,3,3,0,0,0,2,0,0,2,2,3,0,0,0,0
